method,train_window,eval_window,direction,accuracy,precision,recall,f1,source_file,run_ts
continual_lora,2018_M01-02,2018_M03-04,forward,0.5531914893617021,0.5801526717557252,0.6031746031746031,0.5914396887159533,metrics_log.csv,
continual_lora,2018_M03-04,2018_M05-06,forward,0.5861027190332326,0.6010928961748634,0.632183908045977,0.6162464985994398,metrics_log.csv,
continual_lora,2018_M03-04,2018_M01-02,backward_1p,0.5408163265306123,0.5555555555555556,0.6310679611650486,0.5909090909090909,metrics_log.csv,
continual_lora,2018_M05-06,2018_M07-08,forward,0.5787671232876712,0.6232876712328768,0.5723270440251572,0.5967213114754099,metrics_log.csv,
continual_lora,2018_M05-06,2018_M03-04,backward_1p,0.6851063829787234,0.7321428571428571,0.6507936507936508,0.6890756302521008,metrics_log.csv,
continual_lora,2018_M07-08,2018_M09-10,forward,0.6612021857923497,0.725,0.5918367346938775,0.651685393258427,metrics_log.csv,
continual_lora,2018_M07-08,2018_M05-06,backward_1p,0.6797583081570997,0.7048192771084337,0.6724137931034483,0.6882352941176471,metrics_log.csv,
continual_lora,2018_M07-08,2018_M01-02,backward_3p,0.5612244897959183,0.5955056179775281,0.5145631067961165,0.5520833333333334,metrics_log.csv,
continual_lora,2018_M09-10,2018_M11-12,forward,0.6113989637305699,0.6351931330472103,0.6948356807511737,0.6636771300448431,metrics_log.csv,
continual_lora,2018_M09-10,2018_M07-08,backward_1p,0.6267123287671232,0.6470588235294118,0.6918238993710691,0.668693009118541,metrics_log.csv,
continual_lora,2018_M09-10,2018_M03-04,backward_3p,0.6595744680851063,0.6825396825396826,0.6825396825396826,0.6825396825396826,metrics_log.csv,
continual_lora,2018_M11-12,2019_M01-02,forward,0.6904761904761905,0.7222222222222222,0.7065217391304348,0.7142857142857143,metrics_log.csv,
continual_lora,2018_M11-12,2018_M09-10,backward_1p,0.7213114754098361,0.7473684210526316,0.7244897959183674,0.7357512953367875,metrics_log.csv,
continual_lora,2018_M11-12,2018_M05-06,backward_3p,0.6797583081570997,0.6789473684210526,0.7413793103448276,0.7087912087912088,metrics_log.csv,
continual_lora,2018_M11-12,2018_M01-02,backward_5p,0.5561224489795918,0.5666666666666667,0.6601941747572816,0.6098654708520179,metrics_log.csv,
continual_lora,2019_M01-02,2019_M03-04,forward,0.6113989637305699,0.6239316239316239,0.7019230769230769,0.6606334841628959,metrics_log.csv,
continual_lora,2019_M01-02,2018_M11-12,backward_1p,0.7227979274611399,0.7264957264957265,0.7981220657276995,0.7606263982102909,metrics_log.csv,
continual_lora,2019_M01-02,2018_M07-08,backward_3p,0.6232876712328768,0.6310160427807486,0.7421383647798742,0.6820809248554913,metrics_log.csv,
continual_lora,2019_M01-02,2018_M03-04,backward_5p,0.6382978723404256,0.6496350364963503,0.7063492063492064,0.6768060836501901,metrics_log.csv,
continual_lora,2019_M01-02,2018_M01-02,backward_6p,0.5612244897959183,0.5648854961832062,0.7184466019417476,0.6324786324786325,metrics_log.csv,
continual_lora,2019_M03-04,2019_M05-06,forward,0.6853932584269663,0.6866359447004609,0.772020725388601,0.7268292682926829,metrics_log.csv,
continual_lora,2019_M03-04,2019_M01-02,backward_1p,0.75,0.7906976744186046,0.7391304347826086,0.7640449438202247,metrics_log.csv,
continual_lora,2019_M03-04,2018_M09-10,backward_3p,0.6939890710382514,0.7142857142857143,0.7142857142857143,0.7142857142857143,metrics_log.csv,
continual_lora,2019_M03-04,2018_M05-06,backward_5p,0.6616314199395771,0.6666666666666666,0.7126436781609196,0.6888888888888889,metrics_log.csv,
continual_lora,2019_M03-04,2018_M03-04,backward_6p,0.6425531914893617,0.6567164179104478,0.6984126984126984,0.676923076923077,metrics_log.csv,
continual_lora,2019_M05-06,2019_M07-08,forward,0.5489130434782609,0.6012658227848101,0.4797979797979798,0.5337078651685393,metrics_log.csv,
continual_lora,2019_M05-06,2019_M03-04,backward_1p,0.7150259067357513,0.7692307692307693,0.6730769230769231,0.717948717948718,metrics_log.csv,
continual_lora,2019_M05-06,2018_M11-12,backward_3p,0.7538860103626943,0.8105263157894737,0.7230046948356808,0.7642679900744417,metrics_log.csv,
continual_lora,2019_M05-06,2018_M07-08,backward_5p,0.6575342465753424,0.7006802721088435,0.6477987421383647,0.673202614379085,metrics_log.csv,
continual_lora,2019_M05-06,2018_M05-06,backward_6p,0.6888217522658611,0.7177914110429447,0.6724137931034483,0.6943620178041543,metrics_log.csv,
continual_lora,2019_M07-08,2019_M09-10,forward,0.571830985915493,0.5894736842105263,0.6021505376344086,0.5957446808510638,metrics_log.csv,
continual_lora,2019_M07-08,2019_M05-06,backward_1p,0.7443820224719101,0.7451923076923077,0.8031088082901554,0.773067331670823,metrics_log.csv,
continual_lora,2019_M07-08,2019_M01-02,backward_3p,0.7559523809523809,0.8591549295774648,0.6630434782608695,0.7484662576687117,metrics_log.csv,
continual_lora,2019_M07-08,2018_M09-10,backward_5p,0.6229508196721312,0.6666666666666666,0.5918367346938775,0.6270270270270271,metrics_log.csv,
continual_lora,2019_M07-08,2018_M07-08,backward_6p,0.684931506849315,0.6936416184971098,0.7547169811320755,0.7228915662650602,metrics_log.csv,
continual_lora,2019_M09-10,2019_M11-12,forward,0.5727002967359051,0.6055555555555555,0.5989010989010989,0.6022099447513812,metrics_log.csv,
continual_lora,2019_M09-10,2019_M07-08,backward_1p,0.6630434782608695,0.73125,0.5909090909090909,0.6536312849162011,metrics_log.csv,
continual_lora,2019_M09-10,2019_M03-04,backward_3p,0.6787564766839378,0.71,0.6826923076923077,0.696078431372549,metrics_log.csv,
continual_lora,2019_M09-10,2018_M11-12,backward_5p,0.7383419689119171,0.78,0.7323943661971831,0.7554479418886199,metrics_log.csv,
continual_lora,2019_M09-10,2018_M09-10,backward_6p,0.7158469945355191,0.7613636363636364,0.6836734693877551,0.7204301075268817,metrics_log.csv,
continual_lora,2019_M11-12,2020_M01-02,forward,0.5880398671096345,0.6,0.638095238095238,0.6184615384615385,metrics_log.csv,
continual_lora,2019_M11-12,2019_M09-10,backward_1p,0.6732394366197183,0.6732673267326733,0.7311827956989247,0.7010309278350515,metrics_log.csv,
continual_lora,2019_M11-12,2019_M05-06,backward_3p,0.7191011235955056,0.746031746031746,0.7305699481865285,0.7382198952879581,metrics_log.csv,
continual_lora,2019_M11-12,2019_M01-02,backward_5p,0.7261904761904762,0.7346938775510204,0.782608695652174,0.7578947368421053,metrics_log.csv,
continual_lora,2019_M11-12,2018_M11-12,backward_6p,0.7383419689119171,0.7393162393162394,0.812206572769953,0.7740492170022372,metrics_log.csv,
continual_lora,2020_M01-02,2020_M03-04,forward,0.6112759643916914,0.6275510204081632,0.6795580110497238,0.6525198938992043,metrics_log.csv,
continual_lora,2020_M01-02,2019_M11-12,backward_1p,0.6884272997032641,0.6896551724137931,0.7692307692307693,0.7272727272727273,metrics_log.csv,
continual_lora,2020_M01-02,2019_M07-08,backward_3p,0.6521739130434783,0.675,0.6818181818181818,0.678391959798995,metrics_log.csv,
continual_lora,2020_M01-02,2019_M03-04,backward_5p,0.689119170984456,0.6964285714285714,0.75,0.7222222222222222,metrics_log.csv,
continual_lora,2020_M01-02,2019_M01-02,backward_6p,0.7202380952380952,0.7319587628865979,0.7717391304347826,0.7513227513227513,metrics_log.csv,
continual_lora,2020_M03-04,2020_M05-06,forward,0.6046511627906976,0.6227272727272727,0.690176322418136,0.6547192353643967,metrics_log.csv,
continual_lora,2020_M03-04,2020_M01-02,backward_1p,0.6644518272425249,0.67601246105919,0.6888888888888889,0.6823899371069182,metrics_log.csv,
continual_lora,2020_M03-04,2019_M09-10,backward_3p,0.6591549295774648,0.6540284360189573,0.7419354838709677,0.6952141057934509,metrics_log.csv,
continual_lora,2020_M03-04,2019_M05-06,backward_5p,0.7134831460674157,0.7333333333333333,0.7409326424870466,0.7371134020618557,metrics_log.csv,
continual_lora,2020_M03-04,2019_M03-04,backward_6p,0.7046632124352331,0.7281553398058253,0.7211538461538461,0.7246376811594203,metrics_log.csv,
continual_lora,2020_M05-06,2020_M07-08,forward,0.5619469026548672,0.5739130434782609,0.5689655172413793,0.5714285714285714,metrics_log.csv,
continual_lora,2020_M05-06,2020_M03-04,backward_1p,0.6765578635014837,0.7168674698795181,0.6574585635359116,0.6858789625360231,metrics_log.csv,
continual_lora,2020_M05-06,2019_M11-12,backward_3p,0.6735905044510386,0.702247191011236,0.6868131868131868,0.6944444444444444,metrics_log.csv,
continual_lora,2020_M05-06,2019_M07-08,backward_5p,0.6277173913043478,0.6826347305389222,0.5757575757575758,0.6246575342465753,metrics_log.csv,
continual_lora,2020_M05-06,2019_M05-06,backward_6p,0.6966292134831461,0.7514792899408284,0.6580310880829016,0.7016574585635359,metrics_log.csv,
continual_lora,2020_M07-08,2020_M09-10,forward,0.6610169491525424,0.6804123711340206,0.6947368421052632,0.6875,metrics_log.csv,
continual_lora,2020_M07-08,2020_M05-06,backward_1p,0.6894664842681258,0.7114427860696517,0.7204030226700252,0.7158948685857321,metrics_log.csv,
continual_lora,2020_M07-08,2020_M01-02,backward_3p,0.6611295681063123,0.688135593220339,0.6444444444444445,0.6655737704918033,metrics_log.csv,
continual_lora,2020_M07-08,2019_M09-10,backward_5p,0.6816901408450704,0.7267080745341615,0.6290322580645161,0.6743515850144092,metrics_log.csv,
continual_lora,2020_M07-08,2019_M07-08,backward_6p,0.6277173913043478,0.6783625730994152,0.5858585858585859,0.6287262872628726,metrics_log.csv,
continual_lora,2020_M09-10,2020_M11-12,forward,0.6264367816091954,0.6785714285714286,0.6,0.6368715083798883,metrics_log.csv,
continual_lora,2020_M09-10,2020_M07-08,backward_1p,0.6238938053097345,0.6422018348623854,0.603448275862069,0.6222222222222222,metrics_log.csv,
continual_lora,2020_M09-10,2020_M03-04,backward_3p,0.6661721068249258,0.7107692307692308,0.638121546961326,0.6724890829694323,metrics_log.csv,
continual_lora,2020_M09-10,2019_M11-12,backward_5p,0.685459940652819,0.7467532467532467,0.6318681318681318,0.6845238095238095,metrics_log.csv,
continual_lora,2020_M09-10,2019_M09-10,backward_6p,0.6732394366197183,0.7536231884057971,0.5591397849462365,0.6419753086419753,metrics_log.csv,
continual_lora,2020_M11-12,2021_M01-02,forward,0.6366666666666667,0.6666666666666666,0.654320987654321,0.660436137071651,metrics_log.csv,
continual_lora,2020_M11-12,2020_M09-10,backward_1p,0.7457627118644068,0.7747252747252747,0.7421052631578947,0.7580645161290323,metrics_log.csv,
continual_lora,2020_M11-12,2020_M05-06,backward_3p,0.6785225718194254,0.7142857142857143,0.6801007556675063,0.6967741935483871,metrics_log.csv,
continual_lora,2020_M11-12,2020_M01-02,backward_5p,0.6611295681063123,0.6933797909407665,0.6317460317460317,0.6611295681063123,metrics_log.csv,
continual_lora,2020_M11-12,2019_M11-12,backward_6p,0.6498516320474778,0.6927710843373494,0.6318681318681318,0.6609195402298851,metrics_log.csv,
continual_lora,2021_M01-02,2021_M03-04,forward,0.6164079822616408,0.6878306878306878,0.5327868852459017,0.6004618937644342,metrics_log.csv,
continual_lora,2021_M01-02,2020_M11-12,backward_1p,0.6982758620689655,0.7544910179640718,0.6631578947368421,0.7058823529411765,metrics_log.csv,
continual_lora,2021_M01-02,2020_M07-08,backward_3p,0.6592920353982301,0.693069306930693,0.603448275862069,0.6451612903225806,metrics_log.csv,
continual_lora,2021_M01-02,2020_M03-04,backward_5p,0.6735905044510386,0.7320261437908496,0.6187845303867403,0.6706586826347305,metrics_log.csv,
continual_lora,2021_M01-02,2020_M01-02,backward_6p,0.6627906976744186,0.6971830985915493,0.6285714285714286,0.66110183639399,metrics_log.csv,
continual_lora,2021_M03-04,2021_M05-06,forward,0.650294695481336,0.6853766617429837,0.7644151565074135,0.7227414330218068,metrics_log.csv,
continual_lora,2021_M03-04,2021_M01-02,backward_1p,0.6966666666666667,0.6918918918918919,0.7901234567901234,0.7377521613832853,metrics_log.csv,
continual_lora,2021_M03-04,2020_M09-10,backward_3p,0.731638418079096,0.7272727272727273,0.8,0.7619047619047619,metrics_log.csv,
continual_lora,2021_M03-04,2020_M05-06,backward_5p,0.6662106703146374,0.665943600867679,0.7732997481108312,0.7156177156177156,metrics_log.csv,
continual_lora,2021_M03-04,2020_M03-04,backward_6p,0.6513353115727003,0.6615776081424937,0.7182320441988951,0.6887417218543046,metrics_log.csv,
continual_lora,2021_M05-06,2021_M07-08,forward,0.6192748091603053,0.6617647058823529,0.678391959798995,0.6699751861042184,metrics_log.csv,
continual_lora,2021_M05-06,2021_M03-04,backward_1p,0.6940133037694013,0.7431192660550459,0.6639344262295082,0.7012987012987013,metrics_log.csv,
continual_lora,2021_M05-06,2020_M11-12,backward_3p,0.6839080459770115,0.696078431372549,0.7473684210526316,0.7208121827411168,metrics_log.csv,
continual_lora,2021_M05-06,2020_M07-08,backward_5p,0.6769911504424779,0.6692913385826772,0.7327586206896551,0.6995884773662552,metrics_log.csv,
continual_lora,2021_M05-06,2020_M05-06,backward_6p,0.6716826265389877,0.6717724288840262,0.7732997481108312,0.7189695550351288,metrics_log.csv,
continual_lora,2021_M07-08,2021_M09-10,forward,0.6399176954732511,0.6496350364963503,0.6926070038910506,0.6704331450094162,metrics_log.csv,
continual_lora,2021_M07-08,2021_M05-06,backward_1p,0.7298624754420432,0.7477611940298508,0.8253706754530478,0.7846515270164448,metrics_log.csv,
continual_lora,2021_M07-08,2021_M01-02,backward_3p,0.6833333333333333,0.6850828729281768,0.7654320987654321,0.7230320699708455,metrics_log.csv,
continual_lora,2021_M07-08,2020_M09-10,backward_5p,0.7231638418079096,0.7277227722772277,0.7736842105263158,0.75,metrics_log.csv,
continual_lora,2021_M07-08,2020_M07-08,backward_6p,0.6548672566371682,0.6461538461538462,0.7241379310344828,0.6829268292682927,metrics_log.csv,
continual_lora,2021_M09-10,2021_M11-12,forward,0.6267496111975117,0.6303797468354431,0.7259475218658892,0.6747967479674797,metrics_log.csv,
continual_lora,2021_M09-10,2021_M07-08,backward_1p,0.6812977099236641,0.7210084033613445,0.7185929648241206,0.7197986577181208,metrics_log.csv,
continual_lora,2021_M09-10,2021_M03-04,backward_3p,0.6917960088691796,0.7178423236514523,0.7090163934426229,0.7134020618556701,metrics_log.csv,
continual_lora,2021_M09-10,2020_M11-12,backward_5p,0.6609195402298851,0.6698113207547169,0.7473684210526316,0.7064676616915423,metrics_log.csv,
continual_lora,2021_M09-10,2020_M09-10,backward_6p,0.7259887005649718,0.729064039408867,0.7789473684210526,0.7531806615776081,metrics_log.csv,
continual_lora,2021_M11-12,2022_M01-02,forward,0.659903381642512,0.7001972386587771,0.6396396396396397,0.6685499058380414,metrics_log.csv,
continual_lora,2021_M11-12,2021_M09-10,backward_1p,0.6944444444444444,0.7131630648330058,0.7062256809338522,0.7096774193548387,metrics_log.csv,
continual_lora,2021_M11-12,2021_M05-06,backward_3p,0.7102161100196464,0.7727272727272727,0.728171334431631,0.7497879558948262,metrics_log.csv,
continual_lora,2021_M11-12,2021_M01-02,backward_5p,0.69,0.7065868263473054,0.7283950617283951,0.7173252279635258,metrics_log.csv,
continual_lora,2021_M11-12,2020_M11-12,backward_6p,0.6752873563218391,0.712707182320442,0.6789473684210526,0.6954177897574124,metrics_log.csv,
continual_lora,2022_M01-02,2022_M03-04,forward,0.6495433789954338,0.67170626349892,0.6673819742489271,0.6695371367061357,metrics_log.csv,
continual_lora,2022_M01-02,2021_M11-12,backward_1p,0.7013996889580093,0.711484593837535,0.7405247813411079,0.7257142857142858,metrics_log.csv,
continual_lora,2022_M01-02,2021_M07-08,backward_3p,0.6708015267175572,0.7258064516129032,0.678391959798995,0.7012987012987013,metrics_log.csv,
continual_lora,2022_M01-02,2021_M03-04,backward_5p,0.6984478935698448,0.725,0.7131147540983607,0.71900826446281,metrics_log.csv,
continual_lora,2022_M01-02,2021_M01-02,backward_6p,0.68,0.6813186813186813,0.7654320987654321,0.7209302325581395,metrics_log.csv,
continual_lora,2022_M03-04,2022_M05-06,forward,0.6705882352941176,0.6742738589211619,0.7488479262672811,0.7096069868995634,metrics_log.csv,
continual_lora,2022_M03-04,2022_M01-02,backward_1p,0.7033816425120772,0.7190812720848057,0.7333333333333333,0.7261373773416593,metrics_log.csv,
continual_lora,2022_M03-04,2021_M09-10,backward_3p,0.691358024691358,0.6945454545454546,0.7431906614785992,0.7180451127819549,metrics_log.csv,
continual_lora,2022_M03-04,2021_M05-06,backward_5p,0.706286836935167,0.7452229299363057,0.771004942339374,0.7578947368421053,metrics_log.csv,
continual_lora,2022_M03-04,2021_M03-04,backward_6p,0.6496674057649667,0.6747967479674797,0.680327868852459,0.6775510204081633,metrics_log.csv,
continual_lora,2022_M05-06,2022_M07-08,forward,0.6658767772511849,0.7066666666666667,0.6318926974664679,0.6671911880409127,metrics_log.csv,
continual_lora,2022_M05-06,2022_M03-04,backward_1p,0.6974885844748858,0.749379652605459,0.648068669527897,0.6950517836593786,metrics_log.csv,
continual_lora,2022_M05-06,2021_M11-12,backward_3p,0.7045101088646968,0.7243401759530792,0.7201166180758017,0.7222222222222222,metrics_log.csv,
continual_lora,2022_M05-06,2021_M07-08,backward_5p,0.6679389312977099,0.7353497164461248,0.6515912897822446,0.6909413854351687,metrics_log.csv,
continual_lora,2022_M05-06,2021_M05-06,backward_6p,0.7170923379174853,0.7783595113438045,0.7347611202635914,0.7559322033898305,metrics_log.csv,
continual_lora,2022_M07-08,2022_M09-10,forward,0.6858345021037868,0.7004950495049505,0.7331606217616581,0.7164556962025317,metrics_log.csv,
continual_lora,2022_M07-08,2022_M05-06,backward_1p,0.7386996904024767,0.7611241217798594,0.7488479262672811,0.7549361207897793,metrics_log.csv,
continual_lora,2022_M07-08,2022_M01-02,backward_3p,0.6975845410628019,0.7479508196721312,0.6576576576576577,0.6999041227229147,metrics_log.csv,
continual_lora,2022_M07-08,2021_M09-10,backward_5p,0.6872427983539094,0.7075098814229249,0.6964980544747081,0.7019607843137254,metrics_log.csv,
continual_lora,2022_M07-08,2021_M07-08,backward_6p,0.6984732824427481,0.7369308600337268,0.7319932998324958,0.7344537815126051,metrics_log.csv,
continual_lora,2022_M09-10,2022_M11-12,forward,0.6255924170616114,0.6700819672131147,0.5828877005347594,0.6234509056244042,metrics_log.csv,
continual_lora,2022_M09-10,2022_M07-08,backward_1p,0.6816745655608215,0.7055214723926381,0.6855439642324889,0.6953892668178382,metrics_log.csv,
continual_lora,2022_M09-10,2022_M03-04,backward_3p,0.6894977168949772,0.7437185929648241,0.6351931330472103,0.6851851851851852,metrics_log.csv,
continual_lora,2022_M09-10,2021_M11-12,backward_5p,0.702954898911353,0.7317073170731707,0.6997084548104956,0.7153502235469449,metrics_log.csv,
continual_lora,2022_M09-10,2021_M09-10,backward_6p,0.6625514403292181,0.6715867158671587,0.708171206225681,0.6893939393939394,metrics_log.csv,
continual_lora,2022_M11-12,2023_M01-02,forward,0.6365384615384615,0.6539162112932605,0.6563071297989032,0.6551094890510949,metrics_log.csv,
continual_lora,2022_M11-12,2022_M09-10,backward_1p,0.7433380084151473,0.7434052757793765,0.8031088082901554,0.772104607721046,metrics_log.csv,
continual_lora,2022_M11-12,2022_M05-06,backward_3p,0.7176470588235294,0.7278761061946902,0.7580645161290323,0.7426636568848759,metrics_log.csv,
continual_lora,2022_M11-12,2022_M01-02,backward_5p,0.6966183574879227,0.7304015296367112,0.6882882882882883,0.7087198515769945,metrics_log.csv,
continual_lora,2022_M11-12,2021_M11-12,backward_6p,0.671850699844479,0.6864406779661016,0.7084548104956269,0.697274031563845,metrics_log.csv,
continual_lora,2023_M01-02,2023_M03-04,forward,0.6299212598425197,0.6408934707903781,0.6907407407407408,0.6648841354723708,metrics_log.csv,
continual_lora,2023_M01-02,2022_M11-12,backward_1p,0.6928909952606636,0.7032590051457976,0.7308377896613191,0.7167832167832168,metrics_log.csv,
continual_lora,2023_M01-02,2022_M07-08,backward_3p,0.6848341232227488,0.6931818181818182,0.7272727272727273,0.7098181818181818,metrics_log.csv,
continual_lora,2023_M01-02,2022_M03-04,backward_5p,0.6723744292237442,0.6860706860706861,0.7081545064377682,0.6969376979936642,metrics_log.csv,
continual_lora,2023_M01-02,2022_M01-02,backward_6p,0.6927536231884058,0.7112299465240641,0.7189189189189189,0.7150537634408602,metrics_log.csv,
continual_lora,2023_M03-04,2023_M05-06,forward,0.6885593220338984,0.717948717948718,0.6963350785340314,0.7069767441860465,metrics_log.csv,
continual_lora,2023_M03-04,2023_M01-02,backward_1p,0.7009615384615384,0.7322834645669292,0.680073126142596,0.70521327014218,metrics_log.csv,
continual_lora,2023_M03-04,2022_M09-10,backward_3p,0.7531556802244039,0.7638190954773869,0.7875647668393783,0.7755102040816326,metrics_log.csv,
continual_lora,2023_M03-04,2022_M05-06,backward_5p,0.7343653250773994,0.7549361207897793,0.7488479262672811,0.7518796992481203,metrics_log.csv,
continual_lora,2023_M03-04,2022_M03-04,backward_6p,0.6883561643835616,0.7336561743341404,0.6502145922746781,0.689419795221843,metrics_log.csv,
continual_lora,2023_M05-06,2023_M07-08,forward,0.6692689850958127,0.6760925449871465,0.7108108108108108,0.6930171277997365,metrics_log.csv,
continual_lora,2023_M05-06,2023_M03-04,backward_1p,0.6801181102362205,0.7032136105860114,0.6888888888888889,0.695977549111319,metrics_log.csv,
continual_lora,2023_M05-06,2022_M11-12,backward_3p,0.7014218009478673,0.7277777777777777,0.7005347593582888,0.7138964577656676,metrics_log.csv,
continual_lora,2023_M05-06,2022_M07-08,backward_5p,0.6895734597156398,0.7112462006079028,0.6974664679582713,0.7042889390519187,metrics_log.csv,
continual_lora,2023_M05-06,2022_M05-06,backward_6p,0.7071207430340557,0.7221597300337458,0.7396313364055299,0.7307911212293683,metrics_log.csv,
continual_lora,2023_M07-08,2023_M09-10,forward,0.6641104294478528,0.6809116809116809,0.6907514450867052,0.6857962697274032,metrics_log.csv,
continual_lora,2023_M07-08,2023_M05-06,backward_1p,0.7175141242937854,0.7219512195121951,0.774869109947644,0.7474747474747475,metrics_log.csv,
continual_lora,2023_M07-08,2023_M01-02,backward_3p,0.6942307692307692,0.712430426716141,0.7020109689213894,0.7071823204419889,metrics_log.csv,
continual_lora,2023_M07-08,2022_M09-10,backward_5p,0.7180925666199158,0.720763723150358,0.7823834196891192,0.7503105590062111,metrics_log.csv,
continual_lora,2023_M07-08,2022_M07-08,backward_6p,0.6911532385466035,0.7258064516129032,0.6706408345752608,0.69713400464756,metrics_log.csv,
continual_lora,2023_M09-10,2023_M11-12,forward,0.6763590391908976,0.693034238488784,0.699642431466031,0.6963226571767497,metrics_log.csv,
continual_lora,2023_M09-10,2023_M07-08,backward_1p,0.7217885024840313,0.7219387755102041,0.7648648648648648,0.7427821522309711,metrics_log.csv,
continual_lora,2023_M09-10,2023_M03-04,backward_3p,0.6840551181102362,0.7077798861480076,0.6907407407407408,0.6991565135895033,metrics_log.csv,
continual_lora,2023_M09-10,2022_M11-12,backward_5p,0.6909952606635071,0.7238095238095238,0.6773618538324421,0.6998158379373849,metrics_log.csv,
continual_lora,2023_M09-10,2022_M09-10,backward_6p,0.7194950911640954,0.7246376811594203,0.7772020725388601,0.75,metrics_log.csv,
continual_lora,2023_M11-12,2024_M01-02,forward,0.6853932584269663,0.7053892215568862,0.6953955135773318,0.7003567181926278,metrics_log.csv,
continual_lora,2023_M11-12,2023_M09-10,backward_1p,0.7162576687116564,0.724233983286908,0.7514450867052023,0.7375886524822695,metrics_log.csv,
continual_lora,2023_M11-12,2023_M05-06,backward_3p,0.7153954802259888,0.7329032258064516,0.743455497382199,0.7381416504223521,metrics_log.csv,
continual_lora,2023_M11-12,2023_M01-02,backward_5p,0.6932692307692307,0.7175572519083969,0.6873857404021938,0.7021475256769374,metrics_log.csv,
continual_lora,2023_M11-12,2022_M11-12,backward_6p,0.6957345971563981,0.7222222222222222,0.6951871657754011,0.7084468664850136,metrics_log.csv,
continual_lora,2024_M01-02,2024_M03-04,forward,0.6633529145955717,0.6600476568705321,0.7238675958188153,0.6904860822600748,metrics_log.csv,
continual_lora,2024_M01-02,2023_M11-12,backward_1p,0.7231352718078382,0.743030303030303,0.7306317044100119,0.7367788461538461,metrics_log.csv,
continual_lora,2024_M01-02,2023_M07-08,backward_3p,0.7075940383250532,0.7081218274111675,0.754054054054054,0.7303664921465969,metrics_log.csv,
continual_lora,2024_M01-02,2023_M03-04,backward_5p,0.6860236220472441,0.7112810707456979,0.6888888888888889,0.6999059266227657,metrics_log.csv,
continual_lora,2024_M01-02,2023_M01-02,backward_6p,0.6923076923076923,0.7113594040968343,0.6983546617915904,0.7047970479704797,metrics_log.csv,
continual_lora,2024_M03-04,2024_M05-06,forward,0.6721698113207547,0.6740665993945509,0.7413984461709212,0.7061310782241015,metrics_log.csv,
continual_lora,2024_M03-04,2024_M01-02,backward_1p,0.737203495630462,0.7553956834532374,0.743801652892562,0.7495538370017847,metrics_log.csv,
continual_lora,2024_M03-04,2023_M09-10,backward_3p,0.7055214723926381,0.7305389221556886,0.7052023121387283,0.7176470588235294,metrics_log.csv,
continual_lora,2024_M03-04,2023_M05-06,backward_5p,0.7097457627118644,0.7510668563300142,0.6910994764397905,0.7198364008179959,metrics_log.csv,
continual_lora,2024_M03-04,2023_M03-04,backward_6p,0.6751968503937008,0.7151639344262295,0.6462962962962963,0.6789883268482491,metrics_log.csv,
continual_lora,2024_M05-06,2024_M07-08,forward,0.6695402298850575,0.6815020862308763,0.6796116504854369,0.6805555555555556,metrics_log.csv,
continual_lora,2024_M05-06,2024_M03-04,backward_1p,0.7582467239042024,0.7763751127141569,0.75,0.7629596809924679,metrics_log.csv,
continual_lora,2024_M05-06,2023_M11-12,backward_3p,0.7117572692793932,0.7523056653491436,0.6805721096543504,0.7146433041301627,metrics_log.csv,
continual_lora,2024_M05-06,2023_M07-08,backward_5p,0.7132718239886444,0.7485207100591716,0.6837837837837838,0.7146892655367232,metrics_log.csv,
continual_lora,2024_M05-06,2023_M05-06,backward_6p,0.7069209039548022,0.7730829420970265,0.6465968586387435,0.7042052744119743,metrics_log.csv,
continual_lora,2024_M07-08,2024_M09-10,forward,0.6644113667117727,0.6858638743455497,0.6717948717948717,0.6787564766839378,metrics_log.csv,
continual_lora,2024_M07-08,2024_M05-06,backward_1p,0.7128537735849056,0.721627408993576,0.7480577136514983,0.7346049046321526,metrics_log.csv,
continual_lora,2024_M07-08,2024_M01-02,backward_3p,0.7240948813982522,0.7566539923954373,0.704840613931523,0.7298288508557457,metrics_log.csv,
continual_lora,2024_M07-08,2023_M09-10,backward_5p,0.700920245398773,0.7214076246334311,0.7109826589595376,0.7161572052401747,metrics_log.csv,
continual_lora,2024_M07-08,2023_M07-08,backward_6p,0.6756564939673527,0.7024320457796852,0.6635135135135135,0.6824183460736623,metrics_log.csv,
continual_lora,2024_M09-10,2024_M11-12,forward,0.6657381615598886,0.6923076923076923,0.648,0.6694214876033058,metrics_log.csv,
continual_lora,2024_M09-10,2024_M07-08,backward_1p,0.7320402298850575,0.7514450867052023,0.7212205270457698,0.7360226468506723,metrics_log.csv,
continual_lora,2024_M09-10,2024_M03-04,backward_3p,0.7180298237686399,0.7471698113207547,0.6898954703832753,0.717391304347826,metrics_log.csv,
continual_lora,2024_M09-10,2023_M11-12,backward_5p,0.7048040455120101,0.7554945054945055,0.6555423122765197,0.7019783024888322,metrics_log.csv,
continual_lora,2024_M09-10,2023_M09-10,backward_6p,0.6932515337423313,0.7354838709677419,0.6589595375722543,0.6951219512195121,metrics_log.csv,
upper_baseline,2018_M01-02,2018_M03-04,forward,0.5659574468085107,0.6,0.5714285714285714,0.5853658536585366,metrics_log.csv,
upper_baseline,2018_M03-04,2018_M05-06,forward,0.6132930513595166,0.6474358974358975,0.5804597701149425,0.6121212121212121,metrics_log.csv,
upper_baseline,2018_M03-04,2018_M01-02,backward_1p,0.6581632653061225,0.6836734693877551,0.6504854368932039,0.6666666666666666,metrics_log.csv,
upper_baseline,2018_M05-06,2018_M07-08,forward,0.565068493150685,0.6052631578947368,0.5786163522012578,0.5916398713826366,metrics_log.csv,
upper_baseline,2018_M05-06,2018_M03-04,backward_1p,0.676595744680851,0.7155172413793104,0.6587301587301587,0.6859504132231405,metrics_log.csv,
upper_baseline,2018_M07-08,2018_M09-10,forward,0.5737704918032787,0.6190476190476191,0.5306122448979592,0.5714285714285714,metrics_log.csv,
upper_baseline,2018_M07-08,2018_M05-06,backward_1p,0.6283987915407855,0.6424581005586593,0.6609195402298851,0.6515580736543909,metrics_log.csv,
upper_baseline,2018_M07-08,2018_M01-02,backward_3p,0.6020408163265306,0.6068376068376068,0.6893203883495146,0.6454545454545455,metrics_log.csv,
upper_baseline,2018_M09-10,2018_M11-12,forward,0.6191709844559585,0.6410256410256411,0.704225352112676,0.6711409395973155,metrics_log.csv,
upper_baseline,2018_M09-10,2018_M07-08,backward_1p,0.6643835616438356,0.7046979865771812,0.660377358490566,0.6818181818181818,metrics_log.csv,
upper_baseline,2018_M09-10,2018_M03-04,backward_3p,0.7191489361702128,0.7678571428571429,0.6825396825396826,0.7226890756302521,metrics_log.csv,
upper_baseline,2018_M11-12,2019_M01-02,forward,0.5714285714285714,0.5980392156862745,0.6630434782608695,0.6288659793814433,metrics_log.csv,
upper_baseline,2018_M11-12,2018_M09-10,backward_1p,0.7103825136612022,0.7368421052631579,0.7142857142857143,0.7253886010362695,metrics_log.csv,
upper_baseline,2018_M11-12,2018_M05-06,backward_3p,0.6827794561933535,0.6844919786096256,0.735632183908046,0.7091412742382271,metrics_log.csv,
upper_baseline,2018_M11-12,2018_M01-02,backward_5p,0.576530612244898,0.5892857142857143,0.6407766990291263,0.6139534883720931,metrics_log.csv,
upper_baseline,2019_M01-02,2019_M03-04,forward,0.6217616580310881,0.6476190476190476,0.6538461538461539,0.6507177033492823,metrics_log.csv,
upper_baseline,2019_M01-02,2018_M11-12,backward_1p,0.7227979274611399,0.712,0.8356807511737089,0.7688984881209503,metrics_log.csv,
upper_baseline,2019_M01-02,2018_M07-08,backward_3p,0.6815068493150684,0.7037037037037037,0.7169811320754716,0.7102803738317757,metrics_log.csv,
upper_baseline,2019_M01-02,2018_M03-04,backward_5p,0.6553191489361702,0.6771653543307087,0.6825396825396826,0.6798418972332015,metrics_log.csv,
upper_baseline,2019_M01-02,2018_M01-02,backward_6p,0.6377551020408163,0.6481481481481481,0.6796116504854369,0.6635071090047393,metrics_log.csv,
upper_baseline,2019_M03-04,2019_M05-06,forward,0.6292134831460674,0.6685082872928176,0.6269430051813472,0.6470588235294118,metrics_log.csv,
upper_baseline,2019_M03-04,2019_M01-02,backward_1p,0.6964285714285714,0.735632183908046,0.6956521739130435,0.7150837988826816,metrics_log.csv,
upper_baseline,2019_M03-04,2018_M09-10,backward_3p,0.6666666666666666,0.6831683168316832,0.7040816326530612,0.6934673366834171,metrics_log.csv,
upper_baseline,2019_M03-04,2018_M05-06,backward_5p,0.6978851963746223,0.7126436781609196,0.7126436781609196,0.7126436781609196,metrics_log.csv,
upper_baseline,2019_M03-04,2018_M03-04,backward_6p,0.6510638297872341,0.6964285714285714,0.6190476190476191,0.6554621848739496,metrics_log.csv,
upper_baseline,2019_M05-06,2019_M07-08,forward,0.5679347826086957,0.6054054054054054,0.5656565656565656,0.5848563968668408,metrics_log.csv,
upper_baseline,2019_M05-06,2019_M03-04,backward_1p,0.7357512953367875,0.7849462365591398,0.7019230769230769,0.7411167512690355,metrics_log.csv,
upper_baseline,2019_M05-06,2018_M11-12,backward_3p,0.7253886010362695,0.7238493723849372,0.812206572769953,0.7654867256637168,metrics_log.csv,
upper_baseline,2019_M05-06,2018_M07-08,backward_5p,0.6472602739726028,0.6818181818181818,0.660377358490566,0.670926517571885,metrics_log.csv,
upper_baseline,2019_M05-06,2018_M05-06,backward_6p,0.6948640483383686,0.7085714285714285,0.7126436781609196,0.7106017191977078,metrics_log.csv,
upper_baseline,2019_M07-08,2019_M09-10,forward,0.5887323943661972,0.6234567901234568,0.543010752688172,0.5804597701149425,metrics_log.csv,
upper_baseline,2019_M07-08,2019_M05-06,backward_1p,0.6741573033707865,0.727810650887574,0.6373056994818653,0.6795580110497238,metrics_log.csv,
upper_baseline,2019_M07-08,2019_M01-02,backward_3p,0.6964285714285714,0.7252747252747253,0.717391304347826,0.7213114754098361,metrics_log.csv,
upper_baseline,2019_M07-08,2018_M09-10,backward_5p,0.6994535519125683,0.7087378640776699,0.7448979591836735,0.7263681592039801,metrics_log.csv,
upper_baseline,2019_M07-08,2018_M07-08,backward_6p,0.6506849315068494,0.6792452830188679,0.6792452830188679,0.6792452830188679,metrics_log.csv,
upper_baseline,2019_M09-10,2019_M11-12,forward,0.629080118694362,0.6770186335403726,0.5989010989010989,0.6355685131195336,metrics_log.csv,
upper_baseline,2019_M09-10,2019_M07-08,backward_1p,0.6630434782608695,0.7102272727272727,0.6313131313131313,0.6684491978609626,metrics_log.csv,
upper_baseline,2019_M09-10,2019_M03-04,backward_3p,0.7202072538860104,0.7659574468085106,0.6923076923076923,0.7272727272727273,metrics_log.csv,
upper_baseline,2019_M09-10,2018_M11-12,backward_5p,0.7150259067357513,0.7268722466960352,0.7746478873239436,0.75,metrics_log.csv,
upper_baseline,2019_M09-10,2018_M09-10,backward_6p,0.7103825136612022,0.7227722772277227,0.7448979591836735,0.7336683417085427,metrics_log.csv,
upper_baseline,2019_M11-12,2020_M01-02,forward,0.6179401993355482,0.6276276276276276,0.6634920634920635,0.6450617283950617,metrics_log.csv,
upper_baseline,2019_M11-12,2019_M09-10,backward_1p,0.6732394366197183,0.6944444444444444,0.6720430107526881,0.6830601092896175,metrics_log.csv,
upper_baseline,2019_M11-12,2019_M05-06,backward_3p,0.6741573033707865,0.7333333333333333,0.6269430051813472,0.6759776536312849,metrics_log.csv,
upper_baseline,2019_M11-12,2019_M01-02,backward_5p,0.6845238095238095,0.7096774193548387,0.717391304347826,0.7135135135135136,metrics_log.csv,
upper_baseline,2019_M11-12,2018_M11-12,backward_6p,0.7098445595854922,0.7061224489795919,0.812206572769953,0.7554585152838428,metrics_log.csv,
upper_baseline,2020_M01-02,2020_M03-04,forward,0.5979228486646885,0.6296296296296297,0.6104972375690608,0.6199158485273493,metrics_log.csv,
upper_baseline,2020_M01-02,2019_M11-12,backward_1p,0.6913946587537092,0.7321428571428571,0.6758241758241759,0.7028571428571428,metrics_log.csv,
upper_baseline,2020_M01-02,2019_M07-08,backward_3p,0.625,0.6666666666666666,0.6060606060606061,0.6349206349206349,metrics_log.csv,
upper_baseline,2020_M01-02,2019_M03-04,backward_5p,0.7357512953367875,0.7849462365591398,0.7019230769230769,0.7411167512690355,metrics_log.csv,
upper_baseline,2020_M01-02,2019_M01-02,backward_6p,0.6904761904761905,0.7127659574468085,0.7282608695652174,0.7204301075268817,metrics_log.csv,
upper_baseline,2020_M03-04,2020_M05-06,forward,0.627906976744186,0.6470588235294118,0.6926952141057935,0.6690997566909975,metrics_log.csv,
upper_baseline,2020_M03-04,2020_M01-02,backward_1p,0.6445182724252492,0.6480938416422287,0.7015873015873015,0.6737804878048781,metrics_log.csv,
upper_baseline,2020_M03-04,2019_M09-10,backward_3p,0.6929577464788732,0.712707182320442,0.6935483870967742,0.7029972752043597,metrics_log.csv,
upper_baseline,2020_M03-04,2019_M05-06,backward_5p,0.6685393258426966,0.7358490566037735,0.6062176165803109,0.6647727272727273,metrics_log.csv,
upper_baseline,2020_M03-04,2019_M03-04,backward_6p,0.7409326424870466,0.78125,0.7211538461538461,0.75,metrics_log.csv,
upper_baseline,2020_M05-06,2020_M07-08,forward,0.5663716814159292,0.5703125,0.6293103448275862,0.5983606557377049,metrics_log__RUN_20250816-140528.csv,20250816-140528
upper_baseline,2020_M05-06,2020_M03-04,backward_1p,0.6735905044510386,0.6898395721925134,0.712707182320442,0.7010869565217391,metrics_log__RUN_20250816-140528.csv,20250816-140528
upper_baseline,2020_M05-06,2019_M11-12,backward_3p,0.6646884272997032,0.680628272251309,0.7142857142857143,0.6970509383378016,metrics_log__RUN_20250816-140528.csv,20250816-140528
upper_baseline,2020_M05-06,2019_M07-08,backward_5p,0.657608695652174,0.6978021978021978,0.6414141414141414,0.6684210526315789,metrics_log__RUN_20250816-140528.csv,20250816-140528
upper_baseline,2020_M05-06,2019_M05-06,backward_6p,0.7247191011235955,0.7595628415300546,0.7202072538860104,0.7393617021276596,metrics_log__RUN_20250816-140528.csv,20250816-140528
upper_baseline,2020_M07-08,2020_M09-10,forward,0.615819209039548,0.6467391304347826,0.6263157894736842,0.6363636363636364,metrics_log__RUN_20250816-140528.csv,20250816-140528
upper_baseline,2020_M07-08,2020_M05-06,backward_1p,0.7099863201094391,0.726161369193154,0.7481108312342569,0.7369727047146402,metrics_log__RUN_20250816-140528.csv,20250816-140528
upper_baseline,2020_M07-08,2020_M01-02,backward_3p,0.6644518272425249,0.6738461538461539,0.6952380952380952,0.684375,metrics_log__RUN_20250816-140528.csv,20250816-140528
upper_baseline,2020_M07-08,2019_M09-10,backward_5p,0.676056338028169,0.6983240223463687,0.6720430107526881,0.684931506849315,metrics_log__RUN_20250816-140528.csv,20250816-140528
upper_baseline,2020_M07-08,2019_M07-08,backward_6p,0.6440217391304348,0.6830601092896175,0.6313131313131313,0.6561679790026247,metrics_log__RUN_20250816-140528.csv,20250816-140528
upper_baseline,2020_M09-10,2020_M11-12,forward,0.6149425287356322,0.6428571428571429,0.6631578947368421,0.6528497409326425,metrics_log__RUN_20250816-140528.csv,20250816-140528
upper_baseline,2020_M09-10,2020_M07-08,backward_1p,0.6814159292035398,0.6864406779661016,0.6982758620689655,0.6923076923076923,metrics_log__RUN_20250816-140528.csv,20250816-140528
upper_baseline,2020_M09-10,2020_M03-04,backward_3p,0.6602373887240356,0.6873239436619718,0.6740331491712708,0.6806136680613668,metrics_log__RUN_20250816-140528.csv,20250816-140528
upper_baseline,2020_M09-10,2019_M11-12,backward_5p,0.6706231454005934,0.7052023121387283,0.6703296703296703,0.6873239436619718,metrics_log__RUN_20250816-140528.csv,20250816-140528
upper_baseline,2020_M09-10,2019_M09-10,backward_6p,0.6788732394366197,0.7,0.6774193548387096,0.6885245901639344,metrics_log__RUN_20250816-140528.csv,20250816-140528
upper_baseline,2020_M11-12,2021_M01-02,forward,0.6133333333333333,0.6419753086419753,0.6419753086419753,0.6419753086419753,metrics_log__RUN_20250816-140528.csv,20250816-140528
upper_baseline,2020_M11-12,2020_M09-10,backward_1p,0.711864406779661,0.75,0.6947368421052632,0.7213114754098361,metrics_log__RUN_20250816-140528.csv,20250816-140528
upper_baseline,2020_M11-12,2020_M05-06,backward_3p,0.7017783857729138,0.7265822784810126,0.7229219143576826,0.7247474747474747,metrics_log__RUN_20250816-140528.csv,20250816-140528
upper_baseline,2020_M11-12,2020_M01-02,backward_5p,0.6345514950166113,0.6470588235294118,0.6634920634920635,0.6551724137931034,metrics_log__RUN_20250816-140528.csv,20250816-140528
upper_baseline,2020_M11-12,2019_M11-12,backward_6p,0.6824925816023739,0.7218934911242604,0.6703296703296703,0.6951566951566952,metrics_log__RUN_20250816-140528.csv,20250816-140528
upper_baseline,2021_M01-02,2021_M03-04,forward,0.6297117516629712,0.6652360515021459,0.6352459016393442,0.649895178197065,metrics_log__RUN_20250816-140528.csv,20250816-140528
upper_baseline,2021_M01-02,2020_M11-12,backward_1p,0.6925287356321839,0.7044334975369458,0.7526315789473684,0.727735368956743,metrics_log__RUN_20250816-140528.csv,20250816-140528
upper_baseline,2021_M01-02,2020_M07-08,backward_3p,0.672566371681416,0.6810344827586207,0.6810344827586207,0.6810344827586207,metrics_log__RUN_20250816-140528.csv,20250816-140528
upper_baseline,2021_M01-02,2020_M03-04,backward_5p,0.6884272997032641,0.7222222222222222,0.6823204419889503,0.7017045454545454,metrics_log__RUN_20250816-140528.csv,20250816-140528
upper_baseline,2021_M01-02,2020_M01-02,backward_6p,0.6611295681063123,0.6656716417910448,0.707936507936508,0.6861538461538461,metrics_log__RUN_20250816-140528.csv,20250816-140528
upper_baseline,2021_M03-04,2021_M05-06,forward,0.6856581532416502,0.7144992526158446,0.7874794069192751,0.7492163009404389,metrics_log__RUN_20250816-140528.csv,20250816-140528
upper_baseline,2021_M03-04,2021_M01-02,backward_1p,0.6766666666666666,0.6878612716763006,0.7345679012345679,0.7104477611940299,metrics_log__RUN_20250816-140528.csv,20250816-140528
upper_baseline,2021_M03-04,2020_M09-10,backward_3p,0.7005649717514124,0.7164948453608248,0.7315789473684211,0.7239583333333334,metrics_log__RUN_20250816-140528.csv,20250816-140528
upper_baseline,2021_M03-04,2020_M05-06,backward_5p,0.6716826265389877,0.6702819956616052,0.7783375314861462,0.7202797202797203,metrics_log__RUN_20250816-140528.csv,20250816-140528
upper_baseline,2021_M03-04,2020_M03-04,backward_6p,0.6543026706231454,0.6767123287671233,0.6823204419889503,0.6795048143053645,metrics_log__RUN_20250816-140528.csv,20250816-140528
upper_baseline,2021_M05-06,2021_M07-08,forward,0.6765267175572519,0.715,0.7185929648241206,0.7167919799498746,metrics_log__RUN_20250816-140528.csv,20250816-140528
upper_baseline,2021_M05-06,2021_M03-04,backward_1p,0.6651884700665188,0.6995708154506438,0.6680327868852459,0.6834381551362684,metrics_log__RUN_20250816-140528.csv,20250816-140528
upper_baseline,2021_M05-06,2020_M11-12,backward_3p,0.6896551724137931,0.7009803921568627,0.7526315789473684,0.7258883248730964,metrics_log__RUN_20250816-140528.csv,20250816-140528
upper_baseline,2021_M05-06,2020_M07-08,backward_5p,0.6769911504424779,0.6776859504132231,0.7068965517241379,0.6919831223628692,metrics_log__RUN_20250816-140528.csv,20250816-140528
upper_baseline,2021_M05-06,2020_M05-06,backward_6p,0.679890560875513,0.6839729119638827,0.7632241813602015,0.7214285714285714,metrics_log__RUN_20250816-140528.csv,20250816-140528
upper_baseline,2021_M07-08,2021_M09-10,forward,0.654320987654321,0.657243816254417,0.7237354085603113,0.6888888888888889,metrics_log__RUN_20250816-140528.csv,20250816-140528
upper_baseline,2021_M07-08,2021_M05-06,backward_1p,0.7337917485265226,0.7584615384615384,0.8121911037891268,0.7844073190135242,metrics_log__RUN_20250816-140528.csv,20250816-140528
upper_baseline,2021_M07-08,2021_M01-02,backward_3p,0.71,0.7300613496932515,0.7345679012345679,0.7323076923076923,metrics_log__RUN_20250816-140528.csv,20250816-140528
upper_baseline,2021_M07-08,2020_M09-10,backward_5p,0.711864406779661,0.7315789473684211,0.7315789473684211,0.7315789473684211,metrics_log__RUN_20250816-140528.csv,20250816-140528
upper_baseline,2021_M07-08,2020_M07-08,backward_6p,0.6991150442477876,0.6935483870967742,0.7413793103448276,0.7166666666666667,metrics_log__RUN_20250816-140528.csv,20250816-140528
upper_baseline,2021_M09-10,2021_M11-12,forward,0.6765163297045101,0.6869806094182825,0.7230320699708455,0.7045454545454546,metrics_log__RUN_20250816-140528.csv,20250816-140528
upper_baseline,2021_M09-10,2021_M07-08,backward_1p,0.7013358778625954,0.742320819112628,0.7286432160804021,0.73541842772612,metrics_log__RUN_20250816-140528.csv,20250816-140528
upper_baseline,2021_M09-10,2021_M03-04,backward_3p,0.6807095343680709,0.717391304347826,0.6762295081967213,0.6962025316455697,metrics_log__RUN_20250816-140528.csv,20250816-140528
upper_baseline,2021_M09-10,2020_M11-12,backward_5p,0.7040229885057471,0.7208121827411168,0.7473684210526316,0.7338501291989664,metrics_log__RUN_20250816-140528.csv,20250816-140528
upper_baseline,2021_M09-10,2020_M09-10,backward_6p,0.711864406779661,0.7315789473684211,0.7315789473684211,0.7315789473684211,metrics_log__RUN_20250816-140528.csv,20250816-140528
upper_baseline,2021_M11-12,2022_M01-02,forward,0.6280193236714976,0.6539855072463768,0.6504504504504505,0.6522131887985546,metrics_log__RUN_20250816-140528.csv,20250816-140528
upper_baseline,2021_M11-12,2021_M09-10,backward_1p,0.6954732510288066,0.6981818181818182,0.7470817120622568,0.7218045112781954,metrics_log__RUN_20250816-140528.csv,20250816-140528
upper_baseline,2021_M11-12,2021_M05-06,backward_3p,0.7396856581532416,0.765527950310559,0.8121911037891268,0.7881694644284573,metrics_log__RUN_20250816-140528.csv,20250816-140528
upper_baseline,2021_M11-12,2021_M01-02,backward_5p,0.6933333333333334,0.7134146341463414,0.7222222222222222,0.7177914110429447,metrics_log__RUN_20250816-140528.csv,20250816-140528
upper_baseline,2021_M11-12,2020_M11-12,backward_6p,0.6724137931034483,0.69,0.7263157894736842,0.7076923076923077,metrics_log__RUN_20250816-140528.csv,20250816-140528
upper_baseline,2022_M01-02,2022_M03-04,forward,0.6312785388127854,0.6531049250535332,0.6545064377682404,0.6538049303322615,metrics_log__RUN_20250816-140528.csv,20250816-140528
upper_baseline,2022_M01-02,2021_M11-12,backward_1p,0.7107309486780715,0.7162534435261708,0.7580174927113703,0.7365439093484419,metrics_log__RUN_20250816-140528.csv,20250816-140528
upper_baseline,2022_M01-02,2021_M07-08,backward_3p,0.7166030534351145,0.759515570934256,0.7353433835845896,0.7472340425531915,metrics_log__RUN_20250816-140528.csv,20250816-140528
upper_baseline,2022_M01-02,2021_M03-04,backward_5p,0.6740576496674058,0.6963562753036437,0.7049180327868853,0.7006109979633401,metrics_log__RUN_20250816-140528.csv,20250816-140528
upper_baseline,2022_M01-02,2021_M01-02,backward_6p,0.7033333333333334,0.7239263803680982,0.7283950617283951,0.7261538461538461,metrics_log__RUN_20250816-140528.csv,20250816-140528
upper_baseline,2022_M03-04,2022_M05-06,forward,0.669969040247678,0.6780021253985122,0.7350230414746544,0.7053620784964069,metrics_log__RUN_20250817-171830.csv,20250817-171830
upper_baseline,2022_M03-04,2022_M01-02,backward_1p,0.7101449275362319,0.7383177570093458,0.7117117117117117,0.7247706422018348,metrics_log__RUN_20250817-171830.csv,20250817-171830
upper_baseline,2022_M03-04,2021_M09-10,backward_3p,0.6954732510288066,0.7088122605363985,0.7198443579766537,0.7142857142857143,metrics_log__RUN_20250817-171830.csv,20250817-171830
upper_baseline,2022_M03-04,2021_M05-06,backward_5p,0.7259332023575639,0.7546583850931677,0.800658978583196,0.7769784172661871,metrics_log__RUN_20250817-171830.csv,20250817-171830
upper_baseline,2022_M03-04,2021_M03-04,backward_6p,0.6829268292682927,0.7285067873303167,0.6598360655737705,0.6924731182795699,metrics_log__RUN_20250817-171830.csv,20250817-171830
upper_baseline,2022_M05-06,2022_M07-08,forward,0.6611374407582938,0.6723646723646723,0.7034277198211625,0.6875455207574654,metrics_log__RUN_20250817-171830.csv,20250817-171830
upper_baseline,2022_M05-06,2022_M03-04,backward_1p,0.6894977168949772,0.7117903930131004,0.6995708154506438,0.7056277056277056,metrics_log__RUN_20250817-171830.csv,20250817-171830
upper_baseline,2022_M05-06,2021_M11-12,backward_3p,0.7200622083981337,0.7321937321937322,0.749271137026239,0.7406340057636888,metrics_log__RUN_20250817-171830.csv,20250817-171830
upper_baseline,2022_M05-06,2021_M07-08,backward_5p,0.726145038167939,0.7636054421768708,0.7520938023450586,0.7578059071729958,metrics_log__RUN_20250817-171830.csv,20250817-171830
upper_baseline,2022_M05-06,2021_M05-06,backward_6p,0.731827111984283,0.7609375,0.8023064250411862,0.781074578989575,metrics_log__RUN_20250817-171830.csv,20250817-171830
upper_baseline,2022_M07-08,2022_M09-10,forward,0.6830294530154277,0.6895734597156398,0.7538860103626943,0.7202970297029703,metrics_log__RUN_20250817-171830.csv,20250817-171830
upper_baseline,2022_M07-08,2022_M05-06,backward_1p,0.7151702786377709,0.7256637168141593,0.7557603686635944,0.7404063205417607,metrics_log__RUN_20250817-171830.csv,20250817-171830
upper_baseline,2022_M07-08,2022_M01-02,backward_3p,0.6917874396135266,0.7114695340501792,0.7153153153153153,0.7133872416891285,metrics_log__RUN_20250817-171830.csv,20250817-171830
upper_baseline,2022_M07-08,2021_M09-10,backward_5p,0.7026748971193416,0.7126654064272212,0.7334630350194552,0.7229146692233941,metrics_log__RUN_20250817-171830.csv,20250817-171830
upper_baseline,2022_M07-08,2021_M07-08,backward_6p,0.708969465648855,0.7457912457912458,0.7420435510887772,0.7439126784214946,metrics_log__RUN_20250817-171830.csv,20250817-171830
upper_baseline,2022_M09-10,2022_M11-12,forward,0.637914691943128,0.6660482374768089,0.6399286987522281,0.6527272727272727,metrics_log__RUN_20250817-171830.csv,20250817-171830
upper_baseline,2022_M09-10,2022_M07-08,backward_1p,0.7006319115323855,0.7085714285714285,0.7391952309985097,0.7235594456601021,metrics_log__RUN_20250817-171830.csv,20250817-171830
upper_baseline,2022_M09-10,2022_M03-04,backward_3p,0.678082191780822,0.7035398230088495,0.6824034334763949,0.6928104575163399,metrics_log__RUN_20250817-171830.csv,20250817-171830
upper_baseline,2022_M09-10,2021_M11-12,backward_5p,0.7169517884914464,0.7293447293447294,0.7463556851311953,0.7377521613832853,metrics_log__RUN_20250817-171830.csv,20250817-171830
upper_baseline,2022_M09-10,2021_M09-10,backward_6p,0.6965020576131687,0.7031539888682746,0.7373540856031129,0.7198480531813866,metrics_log__RUN_20250817-171830.csv,20250817-171830
upper_baseline,2022_M11-12,2023_M01-02,forward,0.6490384615384616,0.6770428015564203,0.6361974405850092,0.6559849198868991,metrics_log__RUN_20250817-171830.csv,20250817-171830
upper_baseline,2022_M11-12,2022_M09-10,backward_1p,0.7363253856942497,0.7345971563981043,0.8031088082901554,0.7673267326732673,metrics_log__RUN_20250817-171830.csv,20250817-171830
upper_baseline,2022_M11-12,2022_M05-06,backward_3p,0.7126934984520124,0.7224669603524229,0.7557603686635944,0.7387387387387387,metrics_log__RUN_20250817-171830.csv,20250817-171830
upper_baseline,2022_M11-12,2022_M01-02,backward_5p,0.693719806763285,0.7203703703703703,0.7009009009009008,0.7105022831050228,metrics_log__RUN_20250817-171830.csv,20250817-171830
upper_baseline,2022_M11-12,2021_M11-12,backward_6p,0.7122861586314152,0.7337278106508875,0.7230320699708455,0.7283406754772394,metrics_log__RUN_20250817-171830.csv,20250817-171830
upper_baseline,2023_M01-02,2023_M03-04,forward,0.6614173228346457,0.6801470588235294,0.6851851851851852,0.6826568265682657,metrics_log__RUN_20250817-171830.csv,20250817-171830
upper_baseline,2023_M01-02,2022_M11-12,backward_1p,0.6909952606635071,0.719626168224299,0.6862745098039216,0.7025547445255474,metrics_log__RUN_20250817-171830.csv,20250817-171830
upper_baseline,2023_M01-02,2022_M07-08,backward_3p,0.7022116903633492,0.7070422535211267,0.7481371087928465,0.7270094134685011,metrics_log__RUN_20250817-171830.csv,20250817-171830
upper_baseline,2023_M01-02,2022_M03-04,backward_5p,0.6792237442922374,0.697228144989339,0.7017167381974249,0.6994652406417112,metrics_log__RUN_20250817-171830.csv,20250817-171830
upper_baseline,2023_M01-02,2022_M01-02,backward_6p,0.6869565217391305,0.7111517367458866,0.7009009009009008,0.705989110707804,metrics_log__RUN_20250817-171830.csv,20250817-171830
upper_baseline,2023_M03-04,2023_M05-06,forward,0.6786723163841808,0.695322376738306,0.7198952879581152,0.707395498392283,metrics_log__RUN_20250818-193355.csv,20250818-193355
upper_baseline,2023_M03-04,2023_M01-02,backward_1p,0.6961538461538461,0.7073608617594255,0.720292504570384,0.7137681159420289,metrics_log__RUN_20250818-193355.csv,20250818-193355
upper_baseline,2023_M03-04,2022_M09-10,backward_3p,0.7433380084151473,0.7322654462242563,0.8290155440414507,0.7776427703523694,metrics_log__RUN_20250818-193355.csv,20250818-193355
upper_baseline,2023_M03-04,2022_M05-06,backward_5p,0.7294117647058823,0.728042328042328,0.7926267281105991,0.7589630446773304,metrics_log__RUN_20250818-193355.csv,20250818-193355
upper_baseline,2023_M03-04,2022_M03-04,backward_6p,0.6929223744292238,0.7164835164835165,0.6995708154506438,0.7079261672095548,metrics_log__RUN_20250818-193355.csv,20250818-193355
upper_baseline,2023_M05-06,2023_M07-08,forward,0.64513839602555,0.6507537688442211,0.7,0.6744791666666666,metrics_log__RUN_20250818-193355.csv,20250818-193355
upper_baseline,2023_M05-06,2023_M03-04,backward_1p,0.6929133858267716,0.7043010752688172,0.7277777777777777,0.7158469945355191,metrics_log__RUN_20250818-193355.csv,20250818-193355
upper_baseline,2023_M05-06,2022_M11-12,backward_3p,0.6919431279620853,0.7161172161172161,0.696969696969697,0.7064137308039747,metrics_log__RUN_20250818-193355.csv,20250818-193355
upper_baseline,2023_M05-06,2022_M07-08,backward_5p,0.7037914691943128,0.7044198895027625,0.7600596125186289,0.7311827956989247,metrics_log__RUN_20250818-193355.csv,20250818-193355
upper_baseline,2023_M05-06,2022_M05-06,backward_6p,0.7188854489164087,0.7225806451612903,0.7741935483870968,0.7474972191323693,metrics_log__RUN_20250818-193355.csv,20250818-193355
upper_baseline,2023_M07-08,2023_M09-10,forward,0.656441717791411,0.6588541666666666,0.7312138728323699,0.6931506849315069,metrics_log__RUN_20250818-193355.csv,20250818-193355
upper_baseline,2023_M07-08,2023_M05-06,backward_1p,0.702683615819209,0.7119901112484549,0.7539267015706806,0.7323585505403687,metrics_log__RUN_20250818-193355.csv,20250818-193355
upper_baseline,2023_M07-08,2023_M01-02,backward_3p,0.7086538461538462,0.7186379928315412,0.7330895795246801,0.7257918552036199,metrics_log__RUN_20250818-193355.csv,20250818-193355
upper_baseline,2023_M07-08,2022_M09-10,backward_5p,0.7349228611500701,0.7223476297968398,0.8290155440414507,0.7720144752714113,metrics_log__RUN_20250818-193355.csv,20250818-193355
upper_baseline,2023_M07-08,2022_M07-08,backward_6p,0.7022116903633492,0.7002724795640327,0.7660208643815202,0.7316725978647687,metrics_log__RUN_20250818-193355.csv,20250818-193355
upper_baseline,2023_M09-10,2023_M11-12,forward,0.6637168141592921,0.673055242390079,0.7115613825983313,0.6917728852838934,metrics_log__RUN_20250818-193355.csv,20250818-193355
upper_baseline,2023_M09-10,2023_M07-08,backward_1p,0.6919801277501775,0.6946564885496184,0.7378378378378379,0.7155963302752294,metrics_log__RUN_20250818-193355.csv,20250818-193355
upper_baseline,2023_M09-10,2023_M03-04,backward_3p,0.6889763779527559,0.7058823529411765,0.7111111111111111,0.7084870848708487,metrics_log__RUN_20250818-193355.csv,20250818-193355
upper_baseline,2023_M09-10,2022_M11-12,backward_5p,0.6909952606635071,0.7204502814258912,0.6844919786096256,0.7020109689213894,metrics_log__RUN_20250818-193355.csv,20250818-193355
upper_baseline,2023_M09-10,2022_M09-10,backward_6p,0.7335203366058906,0.7311320754716981,0.8031088082901554,0.7654320987654321,metrics_log__RUN_20250818-193355.csv,20250818-193355
upper_baseline,2023_M11-12,2024_M01-02,forward,0.6853932584269663,0.6907675194660734,0.7331759149940968,0.711340206185567,metrics_log__RUN_20250819-215120.csv,20250819-215120
upper_baseline,2023_M11-12,2023_M09-10,backward_1p,0.7162576687116564,0.712401055408971,0.7803468208092486,0.7448275862068966,metrics_log__RUN_20250819-215120.csv,20250819-215120
upper_baseline,2023_M11-12,2023_M05-06,backward_3p,0.7069209039548022,0.7151664611590629,0.7591623036649214,0.7365079365079366,metrics_log__RUN_20250819-215120.csv,20250819-215120
upper_baseline,2023_M11-12,2023_M01-02,backward_5p,0.7076923076923077,0.7213114754098361,0.7239488117001828,0.7226277372262774,metrics_log__RUN_20250819-215120.csv,20250819-215120
upper_baseline,2023_M11-12,2022_M11-12,backward_6p,0.6834123222748815,0.7030411449016101,0.7005347593582888,0.7017857142857142,metrics_log__RUN_20250819-215120.csv,20250819-215120
upper_baseline,2024_M01-02,2024_M03-04,forward,0.6800723000451875,0.6735015772870663,0.7439024390243902,0.706953642384106,metrics_log__RUN_20250819-215120.csv,20250819-215120
upper_baseline,2024_M01-02,2023_M11-12,backward_1p,0.718078381795196,0.7347670250896058,0.733015494636472,0.733890214797136,metrics_log__RUN_20250819-215120.csv,20250819-215120
upper_baseline,2024_M01-02,2023_M07-08,backward_3p,0.6962384669978708,0.6989795918367347,0.7405405405405405,0.7191601049868767,metrics_log__RUN_20250819-215120.csv,20250819-215120
upper_baseline,2024_M01-02,2023_M03-04,backward_5p,0.6929133858267716,0.7065217391304348,0.7222222222222222,0.7142857142857143,metrics_log__RUN_20250819-215120.csv,20250819-215120
upper_baseline,2024_M01-02,2023_M01-02,backward_6p,0.7076923076923077,0.7245841035120147,0.716636197440585,0.7205882352941176,metrics_log__RUN_20250819-215120.csv,20250819-215120
upper_baseline,2024_M03-04,2024_M05-06,forward,0.6650943396226415,0.6584205518553758,0.7680355160932297,0.7090163934426229,metrics_log__RUN_20250819-215120.csv,20250819-215120
upper_baseline,2024_M03-04,2024_M01-02,backward_1p,0.7228464419475655,0.7287173666288309,0.7579693034238488,0.7430555555555556,metrics_log__RUN_20250819-215120.csv,20250819-215120
upper_baseline,2024_M03-04,2023_M09-10,backward_3p,0.7162576687116564,0.7205479452054795,0.7601156069364162,0.739803094233474,metrics_log__RUN_20250819-215120.csv,20250819-215120
upper_baseline,2024_M03-04,2023_M05-06,backward_5p,0.7182203389830508,0.7430093209054593,0.7303664921465969,0.7366336633663366,metrics_log__RUN_20250819-215120.csv,20250819-215120
upper_baseline,2024_M03-04,2023_M03-04,backward_6p,0.6899606299212598,0.7110694183864915,0.7018518518518518,0.706430568499534,metrics_log__RUN_20250819-215120.csv,20250819-215120
upper_baseline,2024_M05-06,2024_M07-08,forward,0.6501436781609196,0.6507731958762887,0.7004160887656034,0.6746826987307949,metrics_log__RUN_20250819-215120.csv,20250819-215120
upper_baseline,2024_M05-06,2024_M03-04,backward_1p,0.7306823316764574,0.7204472843450479,0.7857142857142857,0.7516666666666667,metrics_log__RUN_20250819-215120.csv,20250819-215120
upper_baseline,2024_M05-06,2023_M11-12,backward_3p,0.7155499367888748,0.7334933973589436,0.7282479141835518,0.7308612440191388,metrics_log__RUN_20250819-215120.csv,20250819-215120
upper_baseline,2024_M05-06,2023_M07-08,backward_5p,0.6749467707594038,0.6850393700787402,0.7054054054054054,0.6950732356857523,metrics_log__RUN_20250819-215120.csv,20250819-215120
upper_baseline,2024_M05-06,2023_M05-06,backward_6p,0.702683615819209,0.7289719626168224,0.7146596858638743,0.7217448777263714,metrics_log__RUN_20250819-215120.csv,20250819-215120
upper_baseline,2024_M07-08,2024_M09-10,forward,0.6779431664411367,0.6844660194174758,0.7230769230769231,0.7032418952618454,metrics_log__RUN_20250821-113814.csv,20250821-113814
upper_baseline,2024_M07-08,2024_M05-06,backward_1p,0.6992924528301887,0.6949152542372882,0.7735849056603774,0.7321428571428571,metrics_log__RUN_20250821-113814.csv,20250821-113814
upper_baseline,2024_M07-08,2024_M01-02,backward_3p,0.737203495630462,0.7578692493946732,0.7390791027154664,0.7483562462641961,metrics_log__RUN_20250821-113814.csv,20250821-113814
upper_baseline,2024_M07-08,2023_M09-10,backward_5p,0.7116564417177914,0.7146739130434783,0.7601156069364162,0.7366946778711485,metrics_log__RUN_20250821-113814.csv,20250821-113814
upper_baseline,2024_M07-08,2023_M07-08,backward_6p,0.709013484740951,0.7176781002638523,0.7351351351351352,0.7263017356475301,metrics_log__RUN_20250821-113814.csv,20250821-113814
upper_baseline,2024_M09-10,2024_M11-12,forward,0.6643454038997214,0.6772486772486772,0.6826666666666666,0.6799468791500664,metrics_log__RUN_20250821-113814.csv,20250821-113814
upper_baseline,2024_M09-10,2024_M07-08,backward_1p,0.709051724137931,0.7030848329048843,0.7586685159500693,0.7298198799199467,metrics_log__RUN_20250821-113814.csv,20250821-113814
upper_baseline,2024_M09-10,2024_M03-04,backward_3p,0.7342973339358337,0.7317880794701986,0.7700348432055749,0.7504244482173175,metrics_log__RUN_20250821-113814.csv,20250821-113814
upper_baseline,2024_M09-10,2023_M11-12,backward_5p,0.706700379266751,0.7213695395513577,0.7282479141835518,0.7247924080664294,metrics_log__RUN_20250821-113814.csv,20250821-113814
upper_baseline,2024_M09-10,2023_M09-10,backward_6p,0.7101226993865031,0.7211267605633803,0.7398843930635838,0.7303851640513552,metrics_log__RUN_20250821-113814.csv,20250821-113814
