method,train_window,num_train_samples,fit_time_sec,gpu_mem_peak_MB,params_trainable,source_file,run_ts
continual_lora,2018_M01-02,392,194.06,13526,18355200,resources_log.csv,
continual_lora,2018_M03-04,470,230.872,13525,5120,resources_log.csv,
continual_lora,2018_M05-06,662,324.995,13525,5120,resources_log.csv,
continual_lora,2018_M07-08,584,286.808,13525,5120,resources_log.csv,
continual_lora,2018_M09-10,366,179.933,13525,5120,resources_log.csv,
continual_lora,2018_M11-12,386,189.74,13525,5120,resources_log.csv,
continual_lora,2019_M01-02,336,165.207,13525,5120,resources_log.csv,
continual_lora,2019_M03-04,386,189.772,13525,5120,resources_log.csv,
continual_lora,2019_M05-06,356,175.189,13525,5120,resources_log.csv,
continual_lora,2019_M07-08,736,361.271,13525,5120,resources_log.csv,
continual_lora,2019_M09-10,710,348.808,13525,5120,resources_log.csv,
continual_lora,2019_M11-12,674,331.028,13525,5120,resources_log.csv,
continual_lora,2020_M01-02,602,295.807,13525,5120,resources_log.csv,
continual_lora,2020_M03-04,674,330.973,13525,5120,resources_log.csv,
continual_lora,2020_M05-06,731,358.906,13525,5120,resources_log.csv,
continual_lora,2020_M07-08,452,222.19,13525,5120,resources_log.csv,
continual_lora,2020_M09-10,708,347.711,13525,5120,resources_log.csv,
continual_lora,2020_M11-12,696,341.71,13525,5120,resources_log.csv,
continual_lora,2021_M01-02,600,294.686,13525,5120,resources_log.csv,
continual_lora,2021_M03-04,902,442.847,13525,5120,resources_log.csv,
continual_lora,2021_M05-06,1018,499.837,13525,5120,resources_log.csv,
continual_lora,2021_M07-08,1048,514.564,13525,5120,resources_log.csv,
continual_lora,2021_M09-10,972,477.14,13525,5120,resources_log.csv,
continual_lora,2021_M11-12,1286,631.118,13525,5120,resources_log.csv,
continual_lora,2022_M01-02,2070,1016.4,13525,5120,resources_log.csv,
continual_lora,2022_M03-04,1752,860.327,13525,5120,resources_log.csv,
continual_lora,2022_M05-06,1615,792.561,13525,5120,resources_log.csv,
continual_lora,2022_M07-08,1266,621.335,13525,5120,resources_log.csv,
continual_lora,2022_M09-10,1426,699.677,13525,5120,resources_log.csv,
continual_lora,2022_M11-12,2110,1035.06,13525,5120,resources_log.csv,
continual_lora,2023_M01-02,2080,1020.328,13525,5120,resources_log.csv,
continual_lora,2023_M03-04,2032,997.686,13525,5120,resources_log.csv,
continual_lora,2023_M05-06,1416,694.958,13525,5120,resources_log.csv,
continual_lora,2023_M07-08,1409,691.515,13525,5120,resources_log.csv,
continual_lora,2023_M09-10,1304,639.928,13525,5120,resources_log.csv,
continual_lora,2023_M11-12,1582,776.747,13525,5120,resources_log.csv,
continual_lora,2024_M01-02,1602,786.589,13525,5120,resources_log.csv,
continual_lora,2024_M03-04,2213,1085.902,13525,5120,resources_log.csv,
continual_lora,2024_M05-06,1696,832.595,13525,5120,resources_log.csv,
continual_lora,2024_M07-08,1392,683.206,13525,5120,resources_log.csv,
continual_lora,2024_M09-10,739,362.987,13525,5120,resources_log.csv,
upper_baseline,2018_M01-02,392,192.82,13525,18355200,resources_log.csv,
upper_baseline,2018_M03-04,862,423.21,13525,18355200,resources_log.csv,
upper_baseline,2018_M05-06,1524,747.929,13525,18355200,resources_log.csv,
upper_baseline,2018_M07-08,2108,1034.905,13525,18355200,resources_log.csv,
upper_baseline,2018_M09-10,2474,1213.731,13525,18355200,resources_log.csv,
upper_baseline,2018_M11-12,2860,1402.994,13525,18355200,resources_log.csv,
upper_baseline,2019_M01-02,3196,1567.621,13525,18355200,resources_log.csv,
upper_baseline,2019_M03-04,3582,1756.886,13525,18355200,resources_log.csv,
upper_baseline,2019_M05-06,3938,1932.833,13525,18355200,resources_log.csv,
upper_baseline,2019_M07-08,4674,2294.136,13525,18355200,resources_log.csv,
upper_baseline,2019_M09-10,5384,2640.671,13525,18355200,resources_log.csv,
upper_baseline,2019_M11-12,6058,2973.169,13525,18355200,resources_log.csv,
upper_baseline,2020_M01-02,6660,3266.72,13525,18355200,resources_log.csv,
upper_baseline,2020_M03-04,7334,3597.416,13525,18355200,resources_log.csv,
upper_baseline,2020_M05-06,8065,3956.234,13526,18355200,resources_log__RUN_20250816-140528.csv,20250816-140528
upper_baseline,2020_M07-08,8517,4177.863,13525,18355200,resources_log__RUN_20250816-140528.csv,20250816-140528
upper_baseline,2020_M09-10,9225,4526.573,13525,18355200,resources_log__RUN_20250816-140528.csv,20250816-140528
upper_baseline,2020_M11-12,9921,4865.196,13525,18355200,resources_log__RUN_20250816-140528.csv,20250816-140528
upper_baseline,2021_M01-02,10521,5159.572,13525,18355200,resources_log__RUN_20250816-140528.csv,20250816-140528
upper_baseline,2021_M03-04,11423,5601.793,13525,18355200,resources_log__RUN_20250816-140528.csv,20250816-140528
upper_baseline,2021_M05-06,12441,6101.827,13525,18355200,resources_log__RUN_20250816-140528.csv,20250816-140528
upper_baseline,2021_M07-08,13489,6615.276,13525,18355200,resources_log__RUN_20250816-140528.csv,20250816-140528
upper_baseline,2021_M09-10,14461,7091.785,13525,18355200,resources_log__RUN_20250816-140528.csv,20250816-140528
upper_baseline,2021_M11-12,15747,7726.91,13525,18355200,resources_log__RUN_20250816-140528.csv,20250816-140528
upper_baseline,2022_M01-02,17817,8743.421,13525,18355200,resources_log__RUN_20250816-140528.csv,20250816-140528
upper_baseline,2022_M03-04,19569,9595.593,13526,18355200,resources_log__RUN_20250817-171830.csv,20250817-171830
upper_baseline,2022_M05-06,21184,10391.472,13525,18355200,resources_log__RUN_20250817-171830.csv,20250817-171830
upper_baseline,2022_M07-08,22450,11014.724,13525,18355200,resources_log__RUN_20250817-171830.csv,20250817-171830
upper_baseline,2022_M09-10,23876,11715.816,13525,18355200,resources_log__RUN_20250817-171830.csv,20250817-171830
upper_baseline,2022_M11-12,25986,12744.168,13525,18355200,resources_log__RUN_20250817-171830.csv,20250817-171830
upper_baseline,2023_M01-02,28066,13762.36,13525,18355200,resources_log__RUN_20250817-171830.csv,20250817-171830
upper_baseline,2023_M03-04,30098,14764.821,13526,18355200,resources_log__RUN_20250818-193355.csv,20250818-193355
upper_baseline,2023_M05-06,31514,15460.555,13525,18355200,resources_log__RUN_20250818-193355.csv,20250818-193355
upper_baseline,2023_M07-08,32923,16151.917,13525,18355200,resources_log__RUN_20250818-193355.csv,20250818-193355
upper_baseline,2023_M09-10,34227,16792.531,13525,18355200,resources_log__RUN_20250818-193355.csv,20250818-193355
upper_baseline,2023_M11-12,35809,17574.323,13526,18355200,resources_log__RUN_20250819-215120.csv,20250819-215120
upper_baseline,2024_M01-02,37411,18358.848,13525,18355200,resources_log__RUN_20250819-215120.csv,20250819-215120
upper_baseline,2024_M03-04,39624,19444.245,13525,18355200,resources_log__RUN_20250819-215120.csv,20250819-215120
upper_baseline,2024_M05-06,41320,20278.424,13525,18355200,resources_log__RUN_20250819-215120.csv,20250819-215120
upper_baseline,2024_M07-08,42712,20958.202,13526,18355200,resources_log__RUN_20250821-113814.csv,20250821-113814
upper_baseline,2024_M09-10,43451,21318.878,13525,18355200,resources_log__RUN_20250821-113814.csv,20250821-113814
