train_window,eval_window,direction,accuracy,precision,recall,f1
2018_M01-02,2018_M03-04,forward,0.5148936170212766,0.5454545454545454,0.5714285714285714,0.5581395348837209
2018_M03-04,2018_M05-06,forward,0.552870090634441,0.5663265306122449,0.6379310344827587,0.6
2018_M03-04,2018_M01-02,backward_1p,0.6581632653061225,0.6578947368421053,0.7281553398058253,0.6912442396313364
2018_M05-06,2018_M07-08,forward,0.6164383561643836,0.6598639455782312,0.610062893081761,0.6339869281045751
2018_M05-06,2018_M03-04,backward_1p,0.7489361702127659,0.8018018018018018,0.7063492063492064,0.7510548523206751
2018_M07-08,2018_M09-10,forward,0.5792349726775956,0.6779661016949152,0.40816326530612246,0.5095541401273885
2018_M07-08,2018_M05-06,backward_1p,0.743202416918429,0.7730061349693251,0.7241379310344828,0.7477744807121661
2018_M07-08,2018_M01-02,backward_3p,0.6428571428571429,0.6701030927835051,0.6310679611650486,0.65
2018_M09-10,2018_M11-12,forward,0.6295336787564767,0.6377952755905512,0.7605633802816901,0.6937901498929336
2018_M09-10,2018_M07-08,backward_1p,0.7431506849315068,0.7692307692307693,0.7547169811320755,0.7619047619047619
2018_M09-10,2018_M03-04,backward_3p,0.676595744680851,0.6923076923076923,0.7142857142857143,0.703125
2018_M11-12,2019_M01-02,forward,0.5476190476190477,0.5909090909090909,0.5652173913043478,0.5777777777777777
2018_M11-12,2018_M09-10,backward_1p,0.7868852459016393,0.8041237113402062,0.7959183673469388,0.8
2018_M11-12,2018_M05-06,backward_3p,0.716012084592145,0.702020202020202,0.7988505747126436,0.7473118279569892
2018_M11-12,2018_M01-02,backward_5p,0.6224489795918368,0.6178861788617886,0.7378640776699029,0.672566371681416
2019_M01-02,2019_M03-04,forward,0.6424870466321243,0.6576576576576577,0.7019230769230769,0.6790697674418604
2019_M01-02,2018_M11-12,backward_1p,0.8730569948186528,0.8867924528301887,0.8826291079812206,0.8847058823529412
2019_M01-02,2018_M07-08,backward_3p,0.6917808219178082,0.7116564417177914,0.7295597484276729,0.7204968944099379
2019_M01-02,2018_M03-04,backward_5p,0.6553191489361702,0.6829268292682927,0.6666666666666666,0.6746987951807228
2019_M01-02,2018_M01-02,backward_6p,0.6479591836734694,0.6491228070175439,0.7184466019417476,0.6820276497695853
2019_M03-04,2019_M05-06,forward,0.601123595505618,0.6231884057971014,0.6683937823834197,0.645
2019_M03-04,2019_M01-02,backward_1p,0.7678571428571429,0.7789473684210526,0.8043478260869565,0.7914438502673797
2019_M03-04,2018_M09-10,backward_3p,0.7486338797814208,0.776595744680851,0.7448979591836735,0.7604166666666666
2019_M03-04,2018_M05-06,backward_5p,0.6978851963746223,0.7078651685393258,0.7241379310344828,0.7159090909090909
2019_M03-04,2018_M03-04,backward_6p,0.6553191489361702,0.6771653543307087,0.6825396825396826,0.6798418972332015
2019_M05-06,2019_M07-08,forward,0.5625,0.5978835978835979,0.5707070707070707,0.5839793281653747
2019_M05-06,2019_M03-04,backward_1p,0.7927461139896373,0.8137254901960784,0.7980769230769231,0.8058252427184466
2019_M05-06,2018_M11-12,backward_3p,0.7849740932642487,0.7927927927927928,0.8262910798122066,0.8091954022988506
2019_M05-06,2018_M07-08,backward_5p,0.726027397260274,0.7453416149068323,0.7547169811320755,0.75
2019_M05-06,2018_M05-06,backward_6p,0.7039274924471299,0.7087912087912088,0.7413793103448276,0.7247191011235955
2019_M07-08,2019_M09-10,forward,0.6394366197183099,0.6647727272727273,0.6290322580645161,0.6464088397790055
2019_M07-08,2019_M05-06,backward_1p,0.7780898876404494,0.7794117647058824,0.8238341968911918,0.801007556675063
2019_M07-08,2019_M01-02,backward_3p,0.7321428571428571,0.7831325301204819,0.7065217391304348,0.7428571428571429
2019_M07-08,2018_M09-10,backward_5p,0.726775956284153,0.74,0.7551020408163265,0.7474747474747475
2019_M07-08,2018_M07-08,backward_6p,0.7465753424657534,0.7741935483870968,0.7547169811320755,0.7643312101910829
2019_M09-10,2019_M11-12,forward,0.5786350148367952,0.6041666666666666,0.6373626373626373,0.6203208556149733
2019_M09-10,2019_M07-08,backward_1p,0.7445652173913043,0.7921348314606742,0.7121212121212122,0.75
2019_M09-10,2019_M03-04,backward_3p,0.6994818652849741,0.7169811320754716,0.7307692307692307,0.7238095238095238
2019_M09-10,2018_M11-12,backward_5p,0.7642487046632125,0.7479674796747967,0.863849765258216,0.8017429193899782
2019_M09-10,2018_M09-10,backward_6p,0.7213114754098361,0.7373737373737373,0.7448979591836735,0.7411167512690355
2019_M11-12,2020_M01-02,forward,0.6179401993355482,0.639344262295082,0.6190476190476191,0.6290322580645161
2019_M11-12,2019_M09-10,backward_1p,0.7380281690140845,0.7719298245614035,0.7096774193548387,0.7394957983193278
2019_M11-12,2019_M05-06,backward_3p,0.7247191011235955,0.7844311377245509,0.6787564766839378,0.7277777777777777
2019_M11-12,2019_M01-02,backward_5p,0.6845238095238095,0.7191011235955056,0.6956521739130435,0.7071823204419889
2019_M11-12,2018_M11-12,backward_6p,0.7383419689119171,0.7592592592592593,0.7699530516431925,0.7645687645687645
2020_M01-02,2020_M03-04,forward,0.5845697329376854,0.615819209039548,0.6022099447513812,0.6089385474860335
2020_M01-02,2019_M11-12,backward_1p,0.798219584569733,0.7938144329896907,0.8461538461538461,0.8191489361702128
2020_M01-02,2019_M07-08,backward_3p,0.7065217391304348,0.7445652173913043,0.6919191919191919,0.7172774869109948
2020_M01-02,2019_M03-04,backward_5p,0.7046632124352331,0.7281553398058253,0.7211538461538461,0.7246376811594203
2020_M01-02,2019_M01-02,backward_6p,0.6666666666666666,0.6914893617021277,0.7065217391304348,0.6989247311827957
2020_M03-04,2020_M05-06,forward,0.6361149110807114,0.6390658174097664,0.7581863979848866,0.6935483870967742
2020_M03-04,2020_M01-02,backward_1p,0.7641196013289037,0.7763578274760383,0.7714285714285715,0.7738853503184714
2020_M03-04,2019_M09-10,backward_3p,0.7211267605633803,0.7301587301587301,0.7419354838709677,0.736
2020_M03-04,2019_M05-06,backward_5p,0.6910112359550562,0.7004830917874396,0.7512953367875648,0.725
2020_M03-04,2019_M03-04,backward_6p,0.6994818652849741,0.7129629629629629,0.7403846153846154,0.7264150943396226
2020_M05-06,2020_M07-08,forward,0.6283185840707964,0.6311475409836066,0.6637931034482759,0.6470588235294118
2020_M05-06,2020_M03-04,backward_1p,0.7804154302670623,0.7939560439560439,0.7983425414364641,0.7961432506887053
2020_M05-06,2019_M11-12,backward_3p,0.7181008902077152,0.7230769230769231,0.7747252747252747,0.7480106100795756
2020_M05-06,2019_M07-08,backward_5p,0.6766304347826086,0.7231638418079096,0.6464646464646465,0.6826666666666666
2020_M05-06,2019_M05-06,backward_6p,0.7247191011235955,0.7653631284916201,0.7098445595854922,0.7365591397849462
2020_M07-08,2020_M09-10,forward,0.6864406779661016,0.6908212560386473,0.7526315789473684,0.7204030226700252
2020_M07-08,2020_M05-06,backward_1p,0.7756497948016415,0.76905311778291,0.8387909319899244,0.8024096385542169
2020_M07-08,2020_M01-02,backward_3p,0.7342192691029901,0.752442996742671,0.7333333333333333,0.7427652733118971
2020_M07-08,2019_M09-10,backward_5p,0.704225352112676,0.7515527950310559,0.6505376344086021,0.6974063400576369
2020_M07-08,2019_M07-08,backward_6p,0.657608695652174,0.7045454545454546,0.6262626262626263,0.6631016042780749
2020_M09-10,2020_M11-12,forward,0.6235632183908046,0.656084656084656,0.6526315789473685,0.6543535620052771
2020_M09-10,2020_M07-08,backward_1p,0.7345132743362832,0.7641509433962265,0.6982758620689655,0.7297297297297297
2020_M09-10,2020_M03-04,backward_3p,0.6958456973293768,0.7492063492063492,0.6519337016574586,0.6971935007385525
2020_M09-10,2019_M11-12,backward_5p,0.7329376854599406,0.7674418604651163,0.7252747252747253,0.7457627118644068
2020_M09-10,2019_M09-10,backward_6p,0.7295774647887324,0.8082191780821918,0.6344086021505376,0.7108433734939759
2020_M11-12,2021_M01-02,forward,0.6566666666666666,0.7122302158273381,0.6111111111111112,0.6578073089700996
2020_M11-12,2020_M09-10,backward_1p,0.807909604519774,0.8765432098765432,0.7473684210526316,0.8068181818181818
2020_M11-12,2020_M05-06,backward_3p,0.6963064295485636,0.7492877492877493,0.6624685138539043,0.7032085561497327
2020_M11-12,2020_M01-02,backward_5p,0.6910299003322259,0.7549407114624506,0.6063492063492063,0.6725352112676056
2020_M11-12,2019_M11-12,backward_6p,0.712166172106825,0.7672955974842768,0.6703296703296703,0.7155425219941349
2021_M01-02,2021_M03-04,forward,0.6363636363636364,0.6886792452830188,0.5983606557377049,0.6403508771929824
2021_M01-02,2020_M11-12,backward_1p,0.7873563218390804,0.7989690721649485,0.8157894736842105,0.8072916666666666
2021_M01-02,2020_M07-08,backward_3p,0.7079646017699115,0.7232142857142857,0.6982758620689655,0.7105263157894737
2021_M01-02,2020_M03-04,backward_5p,0.7091988130563798,0.7515151515151515,0.6850828729281768,0.7167630057803468
2021_M01-02,2020_M01-02,backward_6p,0.7009966777408638,0.725752508361204,0.6888888888888889,0.7068403908794788
2021_M03-04,2021_M05-06,forward,0.6846758349705304,0.7227414330218068,0.7644151565074135,0.7429943955164131
2021_M03-04,2021_M01-02,backward_1p,0.7766666666666666,0.802547770700637,0.7777777777777778,0.7899686520376176
2021_M03-04,2020_M09-10,backward_3p,0.8022598870056498,0.8092783505154639,0.8263157894736842,0.8177083333333334
2021_M03-04,2020_M05-06,backward_5p,0.7373461012311902,0.7481840193704601,0.7783375314861462,0.762962962962963
2021_M03-04,2020_M03-04,backward_6p,0.7091988130563798,0.7371428571428571,0.712707182320442,0.7247191011235955
2021_M05-06,2021_M07-08,forward,0.6822519083969466,0.7222222222222222,0.7185929648241206,0.7204030226700252
2021_M05-06,2021_M03-04,backward_1p,0.7804878048780488,0.8165938864628821,0.7663934426229508,0.7906976744186046
2021_M05-06,2020_M11-12,backward_3p,0.7298850574712644,0.7424242424242424,0.7736842105263158,0.7577319587628866
2021_M05-06,2020_M07-08,backward_5p,0.7256637168141593,0.75,0.6982758620689655,0.7232142857142857
2021_M05-06,2020_M05-06,backward_6p,0.7181942544459644,0.7279236276849642,0.7682619647355163,0.7475490196078431
2021_M07-08,2021_M09-10,forward,0.6275720164609053,0.6439393939393939,0.6614785992217899,0.6525911708253359
2021_M07-08,2021_M05-06,backward_1p,0.8271119842829077,0.8351477449455676,0.8846787479406919,0.8592
2021_M07-08,2021_M01-02,backward_3p,0.77,0.7924528301886793,0.7777777777777778,0.7850467289719626
2021_M07-08,2020_M09-10,backward_5p,0.7824858757062146,0.7868020304568528,0.8157894736842105,0.8010335917312662
2021_M07-08,2020_M07-08,backward_6p,0.6902654867256637,0.6949152542372882,0.7068965517241379,0.7008547008547008
2021_M09-10,2021_M11-12,forward,0.6500777604976672,0.6577540106951871,0.717201166180758,0.6861924686192469
2021_M09-10,2021_M07-08,backward_1p,0.7872137404580153,0.8096026490066225,0.8190954773869347,0.8143213988343048
2021_M09-10,2021_M03-04,backward_3p,0.7649667405764967,0.7875,0.7745901639344263,0.78099173553719
2021_M09-10,2020_M11-12,backward_5p,0.7183908045977011,0.719047619047619,0.7947368421052632,0.755
2021_M09-10,2020_M09-10,backward_6p,0.7853107344632768,0.7821782178217822,0.8315789473684211,0.8061224489795918
2021_M11-12,2022_M01-02,forward,0.6531400966183575,0.6695501730103807,0.6972972972972973,0.6831421006178288
2021_M11-12,2021_M09-10,backward_1p,0.7880658436213992,0.7938931297709924,0.8093385214007782,0.8015414258188824
2021_M11-12,2021_M05-06,backward_3p,0.8113948919449901,0.8267716535433071,0.8649093904448105,0.8454106280193237
2021_M11-12,2021_M01-02,backward_5p,0.7166666666666667,0.7333333333333333,0.7469135802469136,0.7400611620795107
2021_M11-12,2020_M11-12,backward_6p,0.6982758620689655,0.7202072538860104,0.7315789473684211,0.7258485639686684
2022_M01-02,2022_M03-04,forward,0.6301369863013698,0.6557017543859649,0.6416309012875536,0.648590021691974
2022_M01-02,2021_M11-12,backward_1p,0.7869362363919129,0.8083832335329342,0.7871720116618076,0.7976366322008862
2022_M01-02,2021_M07-08,backward_3p,0.7375954198473282,0.7937956204379562,0.7286432160804021,0.759825327510917
2022_M01-02,2021_M03-04,backward_5p,0.720620842572062,0.7478991596638656,0.7295081967213115,0.7385892116182573
2022_M01-02,2021_M01-02,backward_6p,0.7166666666666667,0.7391304347826086,0.7345679012345679,0.7368421052631579
2022_M03-04,2022_M05-06,forward,0.6613003095975232,0.670926517571885,0.7258064516129032,0.6972883231876038
2022_M03-04,2022_M01-02,backward_1p,0.7758454106280194,0.7770154373927959,0.8162162162162162,0.7961335676625659
2022_M03-04,2021_M09-10,backward_3p,0.7366255144032922,0.7328519855595668,0.7898832684824902,0.7602996254681648
2022_M03-04,2021_M05-06,backward_5p,0.7730844793713163,0.8061889250814332,0.8154859967051071,0.8108108108108109
2022_M03-04,2021_M03-04,backward_6p,0.7095343680709535,0.7306122448979592,0.7336065573770492,0.7321063394683026
2022_M05-06,2022_M07-08,forward,0.6682464454976303,0.672627235213205,0.7287630402384501,0.6995708154506438
2022_M05-06,2022_M03-04,backward_1p,0.771689497716895,0.7995495495495496,0.7618025751072961,0.7802197802197802
2022_M05-06,2021_M11-12,backward_3p,0.7387247278382582,0.7565982404692082,0.7521865889212828,0.7543859649122807
2022_M05-06,2021_M07-08,backward_5p,0.7385496183206107,0.7678275290215588,0.7755443886097152,0.7716666666666666
2022_M05-06,2021_M05-06,backward_6p,0.7730844793713163,0.8061889250814332,0.8154859967051071,0.8108108108108109
2022_M07-08,2022_M09-10,forward,0.6830294530154277,0.6886792452830188,0.7564766839378239,0.7209876543209877
2022_M07-08,2022_M05-06,backward_1p,0.7746130030959752,0.78,0.8087557603686636,0.7941176470588235
2022_M07-08,2022_M01-02,backward_3p,0.7391304347826086,0.7513227513227513,0.7675675675675676,0.7593582887700535
2022_M07-08,2021_M09-10,backward_5p,0.7160493827160493,0.7148014440433214,0.7704280155642024,0.7415730337078652
2022_M07-08,2021_M07-08,backward_6p,0.7232824427480916,0.7495934959349594,0.7721943048576214,0.7607260726072608
2022_M09-10,2022_M11-12,forward,0.6369668246445498,0.678,0.6042780748663101,0.6390197926484449
2022_M09-10,2022_M07-08,backward_1p,0.7661927330173776,0.7745241581259151,0.7883755588673621,0.7813884785819794
2022_M09-10,2022_M03-04,backward_3p,0.7168949771689498,0.7607655502392344,0.6824034334763949,0.7194570135746606
2022_M09-10,2021_M11-12,backward_5p,0.7402799377916018,0.7716049382716049,0.7288629737609329,0.7496251874062968
2022_M09-10,2021_M09-10,backward_6p,0.6995884773662552,0.7159533073929961,0.7159533073929961,0.7159533073929961
2022_M11-12,2023_M01-02,forward,0.635576923076923,0.6544117647058824,0.6508226691042047,0.6526122823098075
2022_M11-12,2022_M09-10,backward_1p,0.8260869565217391,0.8358974358974359,0.844559585492228,0.8402061855670103
2022_M11-12,2022_M05-06,backward_3p,0.7486068111455109,0.7655172413793103,0.7672811059907834,0.766398158803222
2022_M11-12,2022_M01-02,backward_5p,0.7111111111111111,0.7424242424242424,0.7063063063063063,0.7239150507848569
2022_M11-12,2021_M11-12,backward_6p,0.7200622083981337,0.7462235649546828,0.7201166180758017,0.7329376854599406
2023_M01-02,2023_M03-04,forward,0.6584645669291339,0.6790352504638218,0.6777777777777778,0.6784059314179796
2023_M01-02,2022_M11-12,backward_1p,0.7535545023696683,0.7792207792207793,0.7486631016042781,0.7636363636363637
2023_M01-02,2022_M07-08,backward_3p,0.7045813586097947,0.7048275862068966,0.7615499254843517,0.7320916905444126
2023_M01-02,2022_M03-04,backward_5p,0.704337899543379,0.7235421166306696,0.7188841201716738,0.721205597416577
2023_M01-02,2022_M01-02,backward_6p,0.7178743961352657,0.7344028520499108,0.7423423423423423,0.7383512544802867
2023_M03-04,2023_M05-06,forward,0.6899717514124294,0.7033792240300375,0.7356020942408377,0.7191298784388995
2023_M03-04,2023_M01-02,backward_1p,0.7721153846153846,0.7818181818181819,0.7861060329067642,0.7839562443026435
2023_M03-04,2022_M09-10,backward_3p,0.7657784011220197,0.762589928057554,0.8238341968911918,0.7920298879202988
2023_M03-04,2022_M05-06,backward_5p,0.7424148606811145,0.75,0.7811059907834101,0.7652370203160271
2023_M03-04,2022_M03-04,backward_6p,0.6997716894977168,0.7250554323725056,0.7017167381974249,0.7131952017448201
2023_M05-06,2023_M07-08,forward,0.6536550745209369,0.6693548387096774,0.672972972972973,0.6711590296495957
2023_M05-06,2023_M03-04,backward_1p,0.7618110236220472,0.7769516728624535,0.774074074074074,0.7755102040816326
2023_M05-06,2022_M11-12,backward_3p,0.7146919431279621,0.7569169960474308,0.6827094474153298,0.717900656044986
2023_M05-06,2022_M07-08,backward_5p,0.7037914691943128,0.717008797653959,0.7287630402384501,0.7228381374722838
2023_M05-06,2022_M05-06,backward_6p,0.7337461300309598,0.7460674157303371,0.7649769585253456,0.7554038680318543
2023_M07-08,2023_M09-10,forward,0.6595092024539877,0.6693989071038251,0.708092485549133,0.6882022471910112
2023_M07-08,2023_M05-06,backward_1p,0.7888418079096046,0.8095872170439414,0.7958115183246073,0.8026402640264027
2023_M07-08,2023_M01-02,backward_3p,0.7538461538461538,0.7760910815939279,0.7477148080438757,0.7616387337057728
2023_M07-08,2022_M09-10,backward_5p,0.7391304347826086,0.7487562189054726,0.7797927461139896,0.7639593908629442
2023_M07-08,2022_M07-08,backward_6p,0.688783570300158,0.7147286821705426,0.6870342771982116,0.7006079027355623
2023_M09-10,2023_M11-12,forward,0.6624525916561315,0.6857490864799025,0.6710369487485102,0.6783132530120481
2023_M09-10,2023_M07-08,backward_1p,0.7885024840312278,0.8010899182561307,0.7945945945945946,0.7978290366350068
2023_M09-10,2023_M03-04,backward_3p,0.7381889763779528,0.7518382352941176,0.7574074074074074,0.7546125461254612
2023_M09-10,2022_M11-12,backward_5p,0.6900473933649289,0.7142857142857143,0.6951871657754011,0.7046070460704607
2023_M09-10,2022_M09-10,backward_6p,0.7223001402524544,0.7303921568627451,0.772020725388601,0.7506297229219143
2023_M11-12,2024_M01-02,forward,0.7047440699126092,0.7308641975308642,0.6989374262101535,0.7145443572721787
2023_M11-12,2023_M09-10,backward_1p,0.8052147239263804,0.8288288288288288,0.7976878612716763,0.812960235640648
2023_M11-12,2023_M05-06,backward_3p,0.751412429378531,0.779891304347826,0.7513089005235603,0.7653333333333333
2023_M11-12,2023_M01-02,backward_5p,0.7163461538461539,0.7395437262357415,0.7111517367458866,0.7250698974836906
2023_M11-12,2022_M11-12,backward_6p,0.7109004739336493,0.7519685039370079,0.6809269162210339,0.7146866230121609
2024_M01-02,2024_M03-04,forward,0.6728422955264347,0.6610942249240122,0.7578397212543554,0.7061688311688312
2024_M01-02,2023_M11-12,backward_1p,0.8179519595448799,0.8413878562577447,0.8092967818831943,0.8250303766707169
2024_M01-02,2023_M07-08,backward_3p,0.7154009936124911,0.7084870848708487,0.7783783783783784,0.7417900837089504
2024_M01-02,2023_M03-04,backward_5p,0.7155511811023622,0.7221238938053097,0.7555555555555555,0.7384615384615385
2024_M01-02,2023_M01-02,backward_6p,0.7,0.7057793345008757,0.7367458866544789,0.7209302325581395
